SampleID,PubID,RefID,Populations,Reference,Nationality,Time
MH0001,MH0001,MH0001,E,Ref 2,Danish,stool1
MH0002,MH0002,MH0002,E,Ref 2,Danish,stool1
MH0003,MH0003,MH0003,E,Ref 2,Danish,stool1
MH0004,MH0004,MH0004,E,Ref 2,Danish,stool1
MH0005,MH0005,MH0005,E,Ref 2,Danish,stool1
MH0006,MH0006,MH0006,E,Ref 2,Danish,stool1
MH0007,MH0007,MH0007,E,Ref 2,Danish,stool1
MH0008,MH0008,MH0008,E,Ref 2,Danish,stool1
MH0009,MH0009,MH0009,E,Ref 2,Danish,stool1
MH0010,MH0010,MH0010,E,Ref 2,Danish,stool1
MH0011,MH0011,MH0011,E,Ref 2,Danish,stool1
MH0012,MH0012,MH0012,E,Ref 2,Danish,stool1
MH0013,MH0013,MH0013,E,Ref 2,Danish,stool1
MH0014,MH0014,MH0014,E,Ref 2,Danish,stool1
MH0015,MH0015,MH0015,E,Ref 2,Danish,stool1
MH0016,MH0016,MH0016,E,Ref 2,Danish,stool1
MH0017,MH0017,MH0017,E,Ref 2,Danish,stool1
MH0018,MH0018,MH0018,E,Ref 2,Danish,stool1
MH0019,MH0019,MH0019,E,Ref 2,Danish,stool1
MH0020,MH0020,MH0020,E,Ref 2,Danish,stool1
MH0021,MH0021,MH0021,E,Ref 2,Danish,stool1
MH0022,MH0022,MH0022,E,Ref 2,Danish,stool1
MH0023,MH0023,MH0023,E,Ref 2,Danish,stool1
MH0024,MH0024,MH0024,E,Ref 2,Danish,stool1
MH0025,MH0025,MH0025,E,Ref 2,Danish,stool1
MH0026,MH0026,MH0026,E,Ref 2,Danish,stool1
MH0027,MH0027,MH0027,E,Ref 2,Danish,stool1
MH0028,MH0028,MH0028,E,Ref 2,Danish,stool1
MH0030,MH0030,MH0030,E,Ref 2,Danish,stool1
MH0031,MH0031,MH0031,E,Ref 2,Danish,stool1
MH0032,MH0032,MH0032,E,Ref 2,Danish,stool1
MH0033,MH0033,MH0033,E,Ref 2,Danish,stool1
MH0034,MH0034,MH0034,E,Ref 2,Danish,stool1
MH0035,MH0035,MH0035,E,Ref 2,Danish,stool1
MH0036,MH0036,MH0036,E,Ref 2,Danish,stool1
MH0037,MH0037,MH0037,E,Ref 2,Danish,stool1
MH0038,MH0038,MH0038,E,Ref 2,Danish,stool1
MH0039,MH0039,MH0039,E,Ref 2,Danish,stool1
MH0040,MH0040,MH0040,E,Ref 2,Danish,stool1
MH0041,MH0041,MH0041,E,Ref 2,Danish,stool1
MH0042,MH0042,MH0042,E,Ref 2,Danish,stool1
MH0043,MH0043,MH0043,E,Ref 2,Danish,stool1
MH0044,MH0044,MH0044,E,Ref 2,Danish,stool1
MH0045,MH0045,MH0045,E,Ref 2,Danish,stool1
MH0046,MH0046,MH0046,E,Ref 2,Danish,stool1
MH0047,MH0047,MH0047,E,Ref 2,Danish,stool1
MH0048,MH0048,MH0048,E,Ref 2,Danish,stool1
MH0049,MH0049,MH0049,E,Ref 2,Danish,stool1
MH0050,MH0050,MH0050,E,Ref 2,Danish,stool1
MH0051,MH0051,MH0051,E,Ref 2,Danish,stool1
MH0052,MH0052,MH0052,E,Ref 2,Danish,stool1
MH0053,MH0053,MH0053,E,Ref 2,Danish,stool1
MH0054,MH0054,MH0054,E,Ref 2,Danish,stool1
MH0055,MH0055,MH0055,E,Ref 2,Danish,stool1
MH0056,MH0056,MH0056,E,Ref 2,Danish,stool1
MH0057,MH0057,MH0057,E,Ref 2,Danish,stool1
MH0058,MH0058,MH0058,E,Ref 2,Danish,stool1
MH0059,MH0059,MH0059,E,Ref 2,Danish,stool1
MH0060,MH0060,MH0060,E,Ref 2,Danish,stool1
MH0061,MH0061,MH0061,E,Ref 2,Danish,stool1
MH0062,MH0062,MH0062,E,Ref 2,Danish,stool1
MH0063,MH0063,MH0063,E,Ref 2,Danish,stool1
MH0064,MH0064,MH0064,E,Ref 2,Danish,stool1
MH0065,MH0065,MH0065,E,Ref 2,Danish,stool1
MH0066,MH0066,MH0066,E,Ref 2,Danish,stool1
MH0067,MH0067,MH0067,E,Ref 2,Danish,stool1
MH0068,MH0068,MH0068,E,Ref 2,Danish,stool1
MH0069,MH0069,MH0069,E,Ref 2,Danish,stool1
MH0070,MH0070,MH0070,E,Ref 2,Danish,stool1
MH0071,MH0071,MH0071,E,Ref 2,Danish,stool1
MH0072,MH0072,MH0072,E,Ref 2,Danish,stool1
MH0073,MH0073,MH0073,E,Ref 2,Danish,stool1
MH0074,MH0074,MH0074,E,Ref 2,Danish,stool1
MH0075,MH0075,MH0075,E,Ref 2,Danish,stool1
MH0076,MH0076,MH0076,E,Ref 2,Danish,stool1
MH0077,MH0077,MH0077,E,Ref 2,Danish,stool1
MH0078,MH0078,MH0078,E,Ref 2,Danish,stool1
MH0079,MH0079,MH0079,E,Ref 2,Danish,stool1
MH0080,MH0080,MH0080,E,Ref 2,Danish,stool1
MH0081,MH0081,MH0081,E,Ref 2,Danish,stool1
MH0082,MH0082,MH0082,E,Ref 2,Danish,stool1
MH0083,MH0083,MH0083,E,Ref 2,Danish,stool1
MH0084,MH0084,MH0084,E,Ref 2,Danish,stool1
MH0085,MH0085,MH0085,E,Ref 2,Danish,stool1
MH0086,MH0086,MH0086,E,Ref 2,Danish,stool1
MH0087,MH0087,MH0087,E,Ref 6 & Ref 10,Danish,stool1
MH0088,MH0088,MH0088,E,Ref 6 & Ref 10,Danish,stool1
MH0089,MH0089,MH0089,E,Ref 6 & Ref 10,Danish,stool1
MH0090,MH0090,MH0090,E,Ref 6 & Ref 10,Danish,stool1
MH0091,MH0091,MH0091,E,Ref 6 & Ref 10,Danish,stool1
MH0092,MH0092,MH0092,E,Ref 6 & Ref 10,Danish,stool1
MH0093,MH0093,MH0093,E,Ref 6 & Ref 10,Danish,stool1
MH0094,MH0094,MH0094,E,Ref 6 & Ref 10,Danish,stool1
MH0095,MH0095,MH0095,E,Ref 6 & Ref 10,Danish,stool1
MH0096,MH0096,MH0096,E,Ref 6 & Ref 10,Danish,stool1
MH0097,MH0097,MH0097,E,Ref 6 & Ref 10,Danish,stool1
MH0098,MH0098,MH0098,E,Ref 6 & Ref 10,Danish,stool1
MH0099,MH0099,MH0099,E,Ref 6 & Ref 10,Danish,stool1
MH0100,MH0100,MH0100,E,Ref 6 & Ref 10,Danish,stool1
MH0101,MH0101,MH0101,E,Ref 6 & Ref 10,Danish,stool1
MH0102,MH0102,MH0102,E,Ref 6 & Ref 10,Danish,stool1
MH0103,MH0103,MH0103,E,Ref 6 & Ref 10,Danish,stool1
MH0104,MH0104,MH0104,E,Ref 6 & Ref 10,Danish,stool1
MH0105,MH0105,MH0105,E,Ref 6 & Ref 10,Danish,stool1
MH0106,MH0106,MH0106,E,Ref 6 & Ref 10,Danish,stool1
MH0107,MH0107,MH0107,E,Ref 6 & Ref 10,Danish,stool1
MH0108,MH0108,MH0108,E,Ref 6,Danish,stool1
MH0109,MH0109,MH0109,E,Ref 6 & Ref 10,Danish,stool1
MH0110,MH0110,MH0110,E,Ref 6 & Ref 10,Danish,stool1
MH0111,MH0111,MH0111,E,Ref 6 & Ref 10,Danish,stool1
MH0113,MH0113,MH0113,E,Ref 6 & Ref 10,Danish,stool1
MH0114,MH0114,MH0114,E,Ref 6 & Ref 10,Danish,stool1
MH0115,MH0115,MH0115,E,Ref 6 & Ref 10,Danish,stool1
MH0116,MH0116,MH0116,E,Ref 6 & Ref 10,Danish,stool1
MH0117,MH0117,MH0117,E,Ref 6 & Ref 10,Danish,stool1
MH0118,MH0118,MH0118,E,Ref 6 & Ref 10,Danish,stool1
MH0119,MH0119,MH0119,E,Ref 6,Danish,stool1
MH0120,MH0120,MH0120,E,Ref 6 & Ref 10,Danish,stool1
MH0121,MH0121,MH0121,E,Ref 6 & Ref 10,Danish,stool1
MH0122,MH0122,MH0122,E,Ref 6 & Ref 10,Danish,stool1
MH0123,MH0123,MH0123,E,Ref 6 & Ref 10,Danish,stool1
MH0124,MH0124,MH0124,E,Ref 6 & Ref 10,Danish,stool1
MH0125,MH0125,MH0125,E,Ref 6 & Ref 10,Danish,stool1
MH0126,MH0126,MH0126,E,Ref 6 & Ref 10,Danish,stool1
MH0127,MH0127,MH0127,E,Ref 6 & Ref 10,Danish,stool1
MH0128,MH0128,MH0128,E,Ref 6 & Ref 10,Danish,stool1
MH0129,MH0129,MH0129,E,Ref 6 & Ref 10,Danish,stool1
MH0130,MH0130,MH0130,E,Ref 6 & Ref 10,Danish,stool1
MH0131,MH0131,MH0131,E,Ref 6,Danish,stool1
MH0132,MH0132,MH0132,E,Ref 6 & Ref 10,Danish,stool1
MH0133,MH0133,MH0133,E,Ref 6 & Ref 10,Danish,stool1
MH0134,MH0134,MH0134,E,Ref 6 & Ref 10,Danish,stool1
MH0135,MH0135,MH0135,E,Ref 6 & Ref 10,Danish,stool1
MH0136,MH0136,MH0136,E,Ref 6 & Ref 10,Danish,stool1
MH0137,MH0137,MH0137,E,Ref 6 & Ref 10,Danish,stool1
MH0138,MH0138,MH0138,E,Ref 6 & Ref 10,Danish,stool1
MH0139,MH0139,MH0139,E,Ref 6 & Ref 10,Danish,stool1
MH0140,MH0140,MH0140,E,Ref 6 & Ref 10,Danish,stool1
MH0141,MH0141,MH0141,E,Ref 6 & Ref 10,Danish,stool1
MH0142,MH0142,MH0142,E,Ref 6 & Ref 10,Danish,stool1
MH0143,MH0143,MH0143,E,Ref 6 & Ref 10,Danish,stool1
MH0144,MH0144,MH0144,E,Ref 6 & Ref 10,Danish,stool1
MH0145,MH0145,MH0145,E,Ref 6 & Ref 10,Danish,stool1
MH0146,MH0146,MH0146,E,Ref 6 & Ref 10,Danish,stool1
MH0147,MH0147,MH0147,E,Ref 6 & Ref 10,Danish,stool1
MH0148,MH0148,MH0148,E,Ref 6 & Ref 10,Danish,stool1
MH0149,MH0149,MH0149,E,Ref 6 & Ref 10,Danish,stool1
MH0150,MH0150,MH0150,E,Ref 6,Danish,stool1
MH0151,MH0151,MH0151,E,Ref 6 & Ref 10,Danish,stool1
MH0152,MH0152,MH0152,E,Ref 6 & Ref 10,Danish,stool1
MH0153,MH0153,MH0153,E,Ref 6 & Ref 10,Danish,stool1
MH0154,MH0154,MH0154,E,Ref 6 & Ref 10,Danish,stool1
MH0155,MH0155,MH0155,E,Ref 6 & Ref 10,Danish,stool1
MH0156,MH0156,MH0156,E,Ref 6 & Ref 10,Danish,stool1
MH0157,MH0157,MH0157,E,Ref 6 & Ref 10,Danish,stool1
MH0158,MH0158,MH0158,E,Ref 6 & Ref 10,Danish,stool1
MH0159,MH0159,MH0159,E,Ref 6 & Ref 10,Danish,stool1
MH0160,MH0160,MH0160,E,Ref 6 & Ref 10,Danish,stool1
MH0161,MH0161,MH0161,E,Ref 6,Danish,stool1
MH0162,MH0162,MH0162,E,Ref 6 & Ref 10,Danish,stool1
MH0163,MH0163,MH0163,E,Ref 6 & Ref 10,Danish,stool1
MH0164,MH0164,MH0164,E,Ref 6 & Ref 10,Danish,stool1
MH0165,MH0165,MH0165,E,Ref 6 & Ref 10,Danish,stool1
MH0166,MH0166,MH0166,E,Ref 6 & Ref 10,Danish,stool1
MH0167,MH0167,MH0167,E,Ref 6 & Ref 10,Danish,stool1
MH0168,MH0168,MH0168,E,Ref 6 & Ref 10,Danish,stool1
MH0169,MH0169,MH0169,E,Ref 6 & Ref 10,Danish,stool1
MH0170,MH0170,MH0170,E,Ref 6 & Ref 10,Danish,stool1
MH0172,MH0172,MH0172,E,Ref 6 & Ref 10,Danish,stool1
MH0173,MH0173,MH0173,E,Ref 6 & Ref 10,Danish,stool1
MH0174,MH0174,MH0174,E,Ref 6 & Ref 10,Danish,stool1
MH0175,MH0175,MH0175,E,Ref 6 & Ref 10,Danish,stool1
MH0176,MH0176,MH0176,E,Ref 6,Danish,stool1
MH0177,MH0177,MH0177,E,Ref 6 & Ref 10,Danish,stool1
MH0178,MH0178,MH0178,E,Ref 6 & Ref 10,Danish,stool1
MH0179,MH0179,MH0179,E,Ref 6 & Ref 10,Danish,stool1
MH0180,MH0180,MH0180,E,Ref 6 & Ref 10,Danish,stool1
MH0181,MH0181,MH0181,E,Ref 6 & Ref 10,Danish,stool1
MH0182,MH0182,MH0182,E,Ref 6 & Ref 10,Danish,stool1
MH0183,MH0183,MH0183,E,Ref 6 & Ref 10,Danish,stool1
MH0184,MH0184,MH0184,E,Ref 6 & Ref 10,Danish,stool1
MH0185,MH0185,MH0185,E,Ref 6 & Ref 10,Danish,stool1
MH0186,MH0186,MH0186,E,Ref 6 & Ref 10,Danish,stool1
MH0187,MH0187,MH0187,E,Ref 6,Danish,stool1
MH0188,MH0188,MH0188,E,Ref 6,Danish,stool1
MH0189,MH0189,MH0189,E,Ref 6,Danish,stool1
MH0191,MH0191,MH0191,E,Ref 6,Danish,stool1
MH0192,MH192,MH0192,E,Current study,Danish,stool1
MH0193,MH0193,MH0193,E,Ref 6,Danish,stool1
MH0195,MH0195,MH0195,E,Ref 6,Danish,stool1
MH0196,MH0196,MH0196,E,Ref 6,Danish,stool1
MH0197,MH0197,MH0197,E,Ref 6,Danish,stool1
MH0198,MH0198,MH0198,E,Ref 6,Danish,stool1
MH0199,MH0199,MH0199,E,Ref 6,Danish,stool1
MH0200,MH0200,MH0200,E,Ref 6,Danish,stool1
MH0203,MH0203,MH0203,E,Ref 6,Danish,stool1
MH0204,MH0204,MH0204,E,Ref 6,Danish,stool1
MH0205,MH0205,MH0205,E,Ref 6,Danish,stool1
MH0206,MH0206,MH0206,E,Ref 6,Danish,stool1
MH0211,MH0211,MH0211,E,Ref 6,Danish,stool1
MH0212,MH0212,MH0212,E,Ref 6,Danish,stool1
MH0217,MH0217,MH0217,E,Ref 6,Danish,stool1
MH0220,MH0220,MH0220,E,Ref 6,Danish,stool1
MH0221,MH0221,MH0221,E,Current study,Danish,stool1
MH0222,MH0222,MH0222,E,Current study,Danish,stool1
MH0224,MH0224,MH0224,E,Ref 6,Danish,stool1
MH0227,MH0227,MH0227,E,Ref 6,Danish,stool1
MH0229,MH0229,MH0229,E,Ref 6,Danish,stool1
MH0230,MH0230,MH0230,E,Ref 6,Danish,stool1
MH0233,MH0233,MH0233,E,Ref 6,Danish,stool1
MH0234,MH0234,MH0234,E,Current study,Danish,stool1
MH0236,MH0236,MH0236,E,Ref 6,Danish,stool1
MH0238,MH0238,MH0238,E,Current study,Danish,stool1
MH0239,MH0239,MH0239,E,Ref 6,Danish,stool1
MH0243,MH0243,MH0243,E,Ref 6,Danish,stool1
MH0244,MH0244,MH0244,E,Ref 6,Danish,stool1
MH0245,MH0245,MH0245,E,Current study,Danish,stool1
MH0246,MH246,MH0246,E,Current study,Danish,stool1
MH0247,MH0247,MH0247,E,Ref 6,Danish,stool1
MH0250,MH0250,MH0250,E,Ref 6,Danish,stool1
MH0251,MH0251,MH0251,E,Ref 6,Danish,stool1
MH0252,MH0252,MH0252,E,Current study,Danish,stool1
MH0253,MH0253,MH0253,E,Ref 6,Danish,stool1
MH0257,MH0257,MH0257,E,Ref 6,Danish,stool1
MH0259,MH259,MH0259,E,Current study,Danish,stool1
MH0260,MH0260,MH0260,E,Current study,Danish,stool1
MH0261,MH261,MH0261,E,Current study,Danish,stool1
MH0262,MH0262,MH0262,E,Current study,Danish,stool1
MH0264,MH0264,MH0264,E,Current study,Danish,stool1
MH0265,MH0265,MH0265,E,Current study,Danish,stool1
MH0266,MH0266,MH0266,E,Current study,Danish,stool1
MH0267,MH0267,MH0267,E,Ref 6,Danish,stool1
MH0268,MH0268,MH0268,E,Current study,Danish,stool1
MH0270,MH0270,MH0270,E,Current study,Danish,stool1
MH0271,MH271,MH0271,E,Current study,Danish,stool1
MH0272,MH0272,MH0272,E,Ref 6,Danish,stool1
MH0274,MH0274,MH0274,E,Ref 6,Danish,stool1
MH0275,MH0275,MH0275,E,Ref 6,Danish,stool1
MH0276,MH0276,MH0276,E,Ref 6,Danish,stool1
MH0277,MH0277,MH0277,E,Ref 6,Danish,stool1
MH0280,MH0280,MH0280,E,Current study,Danish,stool1
MH0281,MH0281,MH0281,E,Current study,Danish,stool1
MH0283,MH283,MH0283,E,Current study,Danish,stool1
MH0284,MH0284,MH0284,E,Current study,Danish,stool1
MH0286,MH0286,MH0286,E,Ref 6,Danish,stool1
MH0287,MH0287,MH0287,E,Ref 6,Danish,stool1
MH0288,MH0288,MH0288,E,Ref 6,Danish,stool1
MH0289,MH0289,MH0289,E,Ref 6,Danish,stool1
MH0290,MH0290,MH0290,E,Current study,Danish,stool1
MH0292,MH0292,MH0292,E,Ref 6,Danish,stool1
MH0293,MH293,MH0293,E,Current study,Danish,stool1
MH0297,MH0297,MH0297,E,Current study,Danish,stool1
MH0298,MH0298,MH0298,E,Current study,Danish,stool1
MH0299,MH299,MH0299,E,Current study,Danish,stool1
MH0301,MH0301,MH0301,E,Current study,Danish,stool1
MH0302,MH0302,MH0302,E,Ref 6,Danish,stool1
MH0303,MH303,MH0303,E,Current study,Danish,stool1
MH0305,MH0305,MH0305,E,Ref 6,Danish,stool1
MH0307,MH0307,MH0307,E,Ref 6,Danish,stool1
MH0308,MH0308,MH0308,E,Current study,Danish,stool1
MH0309,MH309,MH0309,E,Current study,Danish,stool1
MH0310,MH0310,MH0310,E,Current study,Danish,stool1
MH0311,MH311,MH0311,E,Current study,Danish,stool1
MH0313,MH0313,MH0313,E,Ref 6,Danish,stool1
MH0314,MH0314,MH0314,E,Current study,Danish,stool1
MH0315,MH0315,MH0315,E,Current study,Danish,stool1
MH0316,MH0316,MH0316,E,Ref 6,Danish,stool1
MH0318,MH0318,MH0318,E,Ref 6,Danish,stool1
MH0319,MH0319,MH0319,E,Current study,Danish,stool1
MH0321,MH0321,MH0321,E,Ref 6,Danish,stool1
MH0322,MH0322,MH0322,E,Ref 6,Danish,stool1
MH0323,MH0323,MH0323,E,Current study,Danish,stool1
MH0325,MH325,MH0325,E,Current study,Danish,stool1
MH0326,MH0326,MH0326,E,Current study,Danish,stool1
MH0327,MH327,MH0327,E,Current study,Danish,stool1
MH0328,MH328,MH0328,E,Current study,Danish,stool1
MH0329,MH0329,MH0329,E,Current study,Danish,stool1
MH0330,MH0330,MH0330,E,Current study,Danish,stool1
MH0332,MH0332,MH0332,E,Current study,Danish,stool1
MH0333,MH0333,MH0333,E,Ref 6,Danish,stool1
MH0334,MH0334,MH0334,E,Current study,Danish,stool1
MH0335,MH0335,MH0335,E,Current study,Danish,stool1
MH0336,MH336,MH0336,E,Current study,Danish,stool1
MH0337,MH337,MH0337,E,Current study,Danish,stool1
MH0338,MH338,MH0338,E,Current study,Danish,stool1
MH0339,MH339,MH0339,E,Current study,Danish,stool1
MH0340,MH0340,MH0340,E,Current study,Danish,stool1
MH0341,MH341,MH0341,E,Current study,Danish,stool1
MH0342,MH342,MH0342,E,Current study,Danish,stool1
MH0343,MH343,MH0343,E,Current study,Danish,stool1
MH0345,MH345,MH0345,E,Current study,Danish,stool1
MH0346,MH346,MH0346,E,Current study,Danish,stool1
MH0347,MH0347,MH0347,E,Current study,Danish,stool1
MH0348,MH0348,MH0348,E,Current study,Danish,stool1
MH0349,MH349,MH0349,E,Current study,Danish,stool1
MH0350,MH350,MH0350,E,Current study,Danish,stool1
MH0351,MH0351,MH0351,E,Current study,Danish,stool1
MH0354,MH0354,MH0354,E,Current study,Danish,stool1
MH0355,MH355,MH0355,E,Current study,Danish,stool1
MH0356,MH0356,MH0356,E,Current study,Danish,stool1
MH0357,MH357,MH0357,E,Current study,Danish,stool1
MH0358,MH358,MH0358,E,Current study,Danish,stool1
MH0359,MH359,MH0359,E,Current study,Danish,stool1
MH0360,MH360,MH0360,E,Current study,Danish,stool1
MH0361,MH361,MH0361,E,Current study,Danish,stool1
MH0362,MH362,MH0362,E,Current study,Danish,stool1
MH0363,MH363,MH0363,E,Current study,Danish,stool1
MH0364,MH0364,MH0364,E,Current study,Danish,stool1
MH0365,MH0365,MH0365,E,Current study,Danish,stool1
MH0366,MH0366,MH0366,E,Current study,Danish,stool1
MH0367,MH367,MH0367,E,Current study,Danish,stool1
MH0368,MH368,MH0368,E,Current study,Danish,stool1
MH0369,MH0369,MH0369,E,Current study,Danish,stool1
MH0370,MH370,MH0370,E,Current study,Danish,stool1
MH0371,MH371,MH0371,E,Current study,Danish,stool1
MH0372,MH372,MH0372,E,Current study,Danish,stool1
MH0373,MH373,MH0373,E,Current study,Danish,stool1
MH0374,MH374,MH0374,E,Current study,Danish,stool1
MH0375,MH0375,MH0375,E,Current study,Danish,stool1
MH0376,MH376,MH0376,E,Current study,Danish,stool1
MH0377,MH377,MH0377,E,Current study,Danish,stool1
MH0378,MH378,MH0378,E,Current study,Danish,stool1
MH0379,MH379,MH0379,E,Current study,Danish,stool1
MH0381,MH0381,MH0381,E,Current study,Danish,stool1
MH0382,MH0382,MH0382,E,Current study,Danish,stool1
MH0383,MH383,MH0383,E,Current study,Danish,stool1
MH0384,MH384,MH0384,E,Current study,Danish,stool1
MH0385,MH385,MH0385,E,Current study,Danish,stool1
MH0386,MH386,MH0386,E,Current study,Danish,stool1
MH0387,MH387,MH0387,E,Current study,Danish,stool1
MH0388,MH0388,MH0388,E,Current study,Danish,stool1
MH0389,MH0389,MH0389,E,Current study,Danish,stool1
MH0390,MH390,MH0390,E,Current study,Danish,stool1
MH0391,MH391,MH0391,E,Current study,Danish,stool1
MH0392,MH392,MH0392,E,Current study,Danish,stool1
MH0393,MH0393,MH0393,E,Current study,Danish,stool1
MH0394,MH394,MH0394,E,Current study,Danish,stool1
MH0395,MH395,MH0395,E,Current study,Danish,stool1
MH0396,MH0396,MH0396,E,Current study,Danish,stool1
MH0397,MH0397,MH0397,E,Current study,Danish,stool1
MH0398,MH0398,MH0398,E,Current study,Danish,stool1
MH0399,MH0399,MH0399,E,Current study,Danish,stool1
MH0400,MH0400,MH0400,E,Current study,Danish,stool1
MH0401,MH0401,MH0401,E,Current study,Danish,stool1
MH0402,MH0402,MH0402,E,Current study,Danish,stool1
MH0403,MH0403,MH0403,E,Ref 6,Danish,stool1
MH0404,MH0404,MH0404,E,Ref 6,Danish,stool1
MH0405,MH0405,MH0405,E,Ref 6,Danish,stool1
MH0406,MH0406,MH0406,E,Ref 6,Danish,stool1
MH0407,MH0407,MH0407,E,Ref 6,Danish,stool1
MH0408,MH0408,MH0408,E,Ref 6,Danish,stool1
MH0409,MH0409,MH0409,E,Ref 6,Danish,stool1
MH0410,MH0410,MH0410,E,Ref 6,Danish,stool1
MH0411,MH0411,MH0411,E,Ref 6,Danish,stool1
MH0412,MH0412,MH0412,E,Ref 6,Danish,stool1
MH0413,MH0413,MH0413,E,Ref 6,Danish,stool1
MH0414,MH0414,MH0414,E,Ref 6,Danish,stool1
MH0415,MH0415,MH0415,E,Ref 6,Danish,stool1
MH0416,MH0416,MH0416,E,Ref 6,Danish,stool1
MH0417,MH0417,MH0417,E,Ref 6,Danish,stool1
MH0418,MH0418,MH0418,E,Ref 6,Danish,stool1
MH0419,MH0419,MH0419,E,Ref 6,Danish,stool1
MH0420,MH0420,MH0420,E,Ref 6,Danish,stool1
MH0421,MH0421,MH0421,E,Ref 6,Danish,stool1
MH0422,MH0422,MH0422,E,Ref 6,Danish,stool1
MH0423,MH0423,MH0423,E,Ref 6,Danish,stool1
MH0424,MH0424,MH0424,E,Ref 6,Danish,stool1
MH0425,MH0425,MH0425,E,Ref 6,Danish,stool1
MH0426,MH0426,MH0426,E,Ref 6,Danish,stool1
MH0427,MH0427,MH0427,E,Ref 6,Danish,stool1
MH0428,MH0428,MH0428,E,Ref 6,Danish,stool1
MH0429,MH0429,MH0429,E,Ref 6,Danish,stool1
MH0430,MH0430,MH0430,E,Ref 6,Danish,stool1
MH0431,MH0431,MH0431,E,Ref 6,Danish,stool1
MH0432,MH0432,MH0432,E,Ref 6,Danish,stool1
MH0433,MH0433,MH0433,E,Ref 6,Danish,stool1
MH0434,MH0434,MH0434,E,Ref 6,Danish,stool1
MH0435,MH0435,MH0435,E,Ref 6,Danish,stool1
MH0436,MH0436,MH0436,E,Ref 6,Danish,stool1
MH0437,MH0437,MH0437,E,Ref 6,Danish,stool1
MH0438,MH0438,MH0438,E,Ref 6,Danish,stool1
MH0439,MH0439,MH0439,E,Ref 6,Danish,stool1
MH0440,MH0440,MH0440,E,Ref 6,Danish,stool1
MH0441,MH0441,MH0441,E,Ref 6,Danish,stool1
MH0442,MH0442,MH0442,E,Ref 6,Danish,stool1
MH0443,MH0443,MH0443,E,Ref 6,Danish,stool1
MH0444,MH0444,MH0444,E,Ref 6,Danish,stool1
MH0445,MH0445,MH0445,E,Ref 6,Danish,stool1
MH0446,MH0446,MH0446,E,Ref 6,Danish,stool1
MH0447,MH0447,MH0447,E,Ref 6,Danish,stool1
MH0448,MH0448,MH0448,E,Ref 6,Danish,stool1
MH0450,MH0450,MH0450,E,Ref 6,Danish,stool1
MH0451,MH0451,MH0451,E,Ref 6,Danish,stool1
MH0452,MH0452,MH0452,E,Ref 6,Danish,stool1
MH0453,MH0453,MH0453,E,Ref 6,Danish,stool1
MH0454,MH0454,MH0454,E,Ref 6,Danish,stool1
MH0455,MH0455,MH0455,E,Ref 6,Danish,stool1
MH0456,MH0456,MH0456,E,Ref 6,Danish,stool1
MH0457,MH0457,MH0457,E,Ref 6,Danish,stool1
MH0458,MH0458,MH0458,E,Ref 6,Danish,stool1
MH0462,MH0462,MH0462,E,Ref 6,Danish,stool1
O2.CD1-0,O2.CD1-0,O2.CD1,E,Current study,Spanish,stool1
O2.CD1-0-PT,O2.CD1-0-PT,O2.CD1,E,Current study,Spanish,stool1
O2.CD2-0,O2.CD2-0,O2.CD2,E,Current study,Spanish,stool1
O2.CD2-0-PT,O2.CD2-0-PT,O2.CD2,E,Current study,Spanish,stool1
O2.CD3-0-PT,O2.CD3-0-PT,O2.CD3,E,Current study,Spanish,stool1
O2.UC1-0,O2.UC1-0,O2.UC1,E,Ref 2,Spanish,stool1
O2.UC1-1,O2.UC1-1,O2.UC1,E,Current study,Spanish,stool1
O2.UC11-0,O2.UC11-0,O2.UC11,E,Ref 2,Spanish,stool1
O2.UC11-1,O2.UC11-1,O2.UC11,E,Current study,Spanish,stool1
O2.UC11-2,O2.UC11-2,O2.UC11,E,Ref 10,Spanish,stool1
O2.UC1-2,O2.UC1-2,O2.UC1,E,Ref 10,Spanish,stool1
O2.UC12-0,O2.UC12-0,O2.UC12,E,Ref 2,Spanish,stool1
O2.UC12-1,O2.UC12-1,O2.UC12,E,Current study,Spanish,stool1
O2.UC12-2,O2.UC12-2,O2.UC12,E,Ref 10,Spanish,stool1
O2.UC13-0,O2.UC13-0,O2.UC13,E,Ref 2,Spanish,stool1
O2.UC13-1,O2.UC13-1,O2.UC13,E,Current study,Spanish,stool1
O2.UC13-2,O2.UC13-2,O2.UC13,E,Ref 10,Spanish,stool1
O2.UC14-0,O2.UC14-0,O2.UC14,E,Ref 2,Spanish,stool1
O2.UC14-1,O2.UC14-1,O2.UC14,E,Current study,Spanish,stool1
O2.UC14-2,O2.UC14-2,O2.UC14,E,Ref 10,Spanish,stool1
O2.UC15-0,O2.UC15-0,O2.UC15,E,Current study,Spanish,stool1
O2.UC15-1,O2.UC15-1,O2.UC15,E,Current study,Spanish,stool1
O2.UC15-2,O2.UC15-2,O2.UC15,E,Current study,Spanish,stool1
O2.UC16-0,O2.UC16-0,O2.UC16,E,Ref 2,Spanish,stool1
O2.UC16-1,O2.UC16-1,O2.UC16,E,Current study,Spanish,stool1
O2.UC16-2,O2.UC16-2,O2.UC16,E,Ref 10,Spanish,stool1
O2.UC17-0,O2.UC17-0,O2.UC17,E,Ref 2,Spanish,stool1
O2.UC17-1,O2.UC17-1,O2.UC17,E,Current study,Spanish,stool1
O2.UC17-2,O2.UC17-2,O2.UC17,E,Ref 10,Spanish,stool1
O2.UC18-0,O2.UC18-0,O2.UC18,E,Ref 2,Spanish,stool1
O2.UC18-1,O2.UC18-1,O2.UC18,E,Current study,Spanish,stool1
O2.UC18-2,O2.UC18-2,O2.UC18,E,Ref 10,Spanish,stool1
O2.UC19-0,O2.UC19-0,O2.UC19,E,Ref 2,Spanish,stool1
O2.UC19-1,O2.UC19-1,O2.UC19,E,Current study,Spanish,stool1
O2.UC19-2,O2.UC19-2,O2.UC19,E,Ref 10,Spanish,stool1
O2.UC2-0,O2.UC2-0,O2.UC2,E,Ref 10,Spanish,stool1
O2.UC20-0,O2.UC20-0,O2.UC20,E,Ref 2,Spanish,stool1
O2.UC20-1,O2.UC20-1,O2.UC20,E,Current study,Spanish,stool1
O2.UC20-2,O2.UC20-2,O2.UC20,E,Ref 10,Spanish,stool1
O2.UC2-1,O2.UC2-1,O2.UC2,E,Current study,Spanish,stool1
O2.UC21-0,O2.UC21-0,O2.UC21,E,Ref 2,Spanish,stool1
O2.UC21-1,O2.UC21-1,O2.UC21,E,Current study,Spanish,stool1
O2.UC21-2,O2.UC21-2,O2.UC21,E,Ref 10,Spanish,stool1
O2.UC2-2,O2.UC2-2,O2.UC2,E,Ref 10,Spanish,stool1
O2.UC22-0,O2.UC22-0,O2.UC22,E,Ref 2,Spanish,stool1
O2.UC22-1,O2.UC22-1,O2.UC22,E,Current study,Spanish,stool1
O2.UC22-2,O2.UC22-2,O2.UC22,E,Ref 10,Spanish,stool1
O2.UC23-0,O2.UC23-0,O2.UC23,E,Ref 2,Spanish,stool1
O2.UC23-1,O2.UC23-1,O2.UC23,E,Current study,Spanish,stool1
O2.UC23-2,O2.UC23-2,O2.UC23,E,Ref 10,Spanish,stool1
O2.UC24-0,O2.UC24-0,O2.UC24,E,Ref 2,Spanish,stool1
O2.UC24-1,O2.UC24-1,O2.UC24,E,Current study,Spanish,stool1
O2.UC24-2,O2.UC24-2,O2.UC24,E,Ref 10,Spanish,stool1
O2.UC26-0,O2.UC26-0,O2.UC26,E,Ref 10,Spanish,stool1
O2.UC26-1,O2.UC26-1,O2.UC26,E,Current study,Spanish,stool1
O2.UC26-2,O2.UC26-2,O2.UC26,E,Ref 10,Spanish,stool1
O2.UC27-0,O2.UC27-0,O2.UC27,E,Ref 10,Spanish,stool1
O2.UC27-1,O2.UC27-1,O2.UC27,E,Current study,Spanish,stool1
O2.UC27-2,O2.UC27-2,O2.UC27,E,Ref 10,Spanish,stool1
O2.UC28-0,O2.UC28-0,O2.UC28,E,Current study,Spanish,stool1
O2.UC28-1,O2.UC28-1,O2.UC28,E,Current study,Spanish,stool1
O2.UC28-2,O2.UC28-2,O2.UC28,E,Current study,Spanish,stool1
O2.UC29-0,O2.UC29-0,O2.UC29,E,Ref 10,Spanish,stool1
O2.UC29-1,O2.UC29-1,O2.UC29,E,Current study,Spanish,stool1
O2.UC29-2,O2.UC29-2,O2.UC29,E,Ref 10,Spanish,stool1
O2.UC3-0,O2.UC3-0,O2.UC3,E,Ref 10,Spanish,stool1
O2.UC30-0,O2.UC30-0,O2.UC30,E,Ref 10,Spanish,stool1
O2.UC30-1,O2.UC30-1,O2.UC30,E,Current study,Spanish,stool1
O2.UC30-2,O2.UC30-2,O2.UC30,E,Ref 10,Spanish,stool1
O2.UC3-1,O2.UC3-1,O2.UC3,E,Current study,Spanish,stool1
O2.UC31-0,O2.UC31-0,O2.UC31,E,Ref 10,Spanish,stool1
O2.UC31-1,O2.UC31-1,O2.UC31,E,Current study,Spanish,stool1
O2.UC31-2,O2.UC31-2,O2.UC31,E,Ref 10,Spanish,stool1
O2.UC3-2,O2.UC3-2,O2.UC3,E,Ref 10,Spanish,stool1
O2.UC32-0,O2.UC32-0,O2.UC32,E,Ref 10,Spanish,stool1
O2.UC32-1,O2.UC32-1,O2.UC32,E,Current study,Spanish,stool1
O2.UC32-2,O2.UC32-2,O2.UC32,E,Ref 10,Spanish,stool1
O2.UC34-0,O2.UC34-0,O2.UC34,E,Ref 10,Spanish,stool1
O2.UC34-2,O2.UC34-2,O2.UC34,E,Ref 10,Spanish,stool1
O2.UC35-0,O2.UC35-0,O2.UC35,E,Ref 10,Spanish,stool1
O2.UC35-1,O2.UC35-1,O2.UC35,E,Current study,Spanish,stool1
O2.UC35-2,O2.UC35-2,O2.UC35,E,Ref 10,Spanish,stool1
O2.UC36-0,O2.UC36-0,O2.UC36,E,Current study,Spanish,stool1
O2.UC36-1,O2.UC36-1,O2.UC36,E,Current study,Spanish,stool1
O2.UC36-2,O2.UC36-2,O2.UC36,E,Ref 10,Spanish,stool1
O2.UC37-0,O2.UC37-0,O2.UC37,E,Ref 10,Spanish,stool1
O2.UC37-1,O2.UC37-1,O2.UC37,E,Current study,Spanish,stool1
O2.UC37-2,O2.UC37-2,O2.UC37,E,Ref 10,Spanish,stool1
O2.UC38-0,O2.UC38-0,O2.UC38,E,Ref 10,Spanish,stool1
O2.UC38-1,O2.UC38-1,O2.UC38,E,Current study,Spanish,stool1
O2.UC38-2,O2.UC38-2,O2.UC38,E,Ref 10,Spanish,stool1
O2.UC4-0,O2.UC4-0,O2.UC4,E,Ref 2,Spanish,stool1
O2.UC40-0,O2.UC40-0,O2.UC40,E,Ref 10,Spanish,stool1
O2.UC40-1,O2.UC40-1,O2.UC40,E,Current study,Spanish,stool1
O2.UC40-2,O2.UC40-2,O2.UC40,E,Ref 10,Spanish,stool1
O2.UC4-1,O2.UC4-1,O2.UC4,E,Current study,Spanish,stool1
O2.UC41-0,O2.UC41-0,O2.UC41,E,Ref 10,Spanish,stool1
O2.UC41-1,O2.UC41-1,O2.UC41,E,Current study,Spanish,stool1
O2.UC41-2,O2.UC41-2,O2.UC41,E,Ref 10,Spanish,stool1
O2.UC4-2,O2.UC4-2,O2.UC4,E,Ref 10,Spanish,stool1
O2.UC43-0,O2.UC43-0,O2.UC43,E,Ref 10,Spanish,stool1
O2.UC43-1,O2.UC43-1,O2.UC43,E,Current study,Spanish,stool1
O2.UC43-2,O2.UC43-2,O2.UC43,E,Ref 10,Spanish,stool1
O2.UC44-0,O2.UC44-0,O2.UC44,E,Ref 10,Spanish,stool1
O2.UC44-1,O2.UC44-1,O2.UC44,E,Current study,Spanish,stool1
O2.UC44-2,O2.UC44-2,O2.UC44,E,Ref 10,Spanish,stool1
O2.UC46-0,O2.UC46-0,O2.UC46,E,Ref 10,Spanish,stool1
O2.UC46-1,O2.UC46-1,O2.UC46,E,Current study,Spanish,stool1
O2.UC46-2,O2.UC46-2,O2.UC46,E,Ref 10,Spanish,stool1
O2.UC47-0,O2.UC47-0,O2.UC47,E,Ref 10,Spanish,stool1
O2.UC47-1,O2.UC47-1,O2.UC47,E,Current study,Spanish,stool1
O2.UC47-2,O2.UC47-2,O2.UC47,E,Ref 10,Spanish,stool1
O2.UC48-0,O2.UC48-0,O2.UC48,E,Ref 10,Spanish,stool1
O2.UC48-1,O2.UC48-1,O2.UC48,E,Current study,Spanish,stool1
O2.UC48-2,O2.UC48-2,O2.UC48,E,Ref 10,Spanish,stool1
O2.UC49-0,O2.UC49-0,O2.UC49,E,Ref 10,Spanish,stool1
O2.UC49-2,O2.UC49-2,O2.UC49,E,Ref 10,Spanish,stool1
O2.UC5-0,O2.UC5-0,O2.UC5,E,Ref 10,Spanish,stool1
O2.UC50-0,O2.UC50-0,O2.UC50,E,Ref 10,Spanish,stool1
O2.UC50-2,O2.UC50-2,O2.UC50,E,Ref 10,Spanish,stool1
O2.UC5-1,O2.UC5-1,O2.UC5,E,Current study,Spanish,stool1
O2.UC51-0,O2.UC51-0,O2.UC51,E,Ref 10,Spanish,stool1
O2.UC51-2,O2.UC51-2,O2.UC51,E,Ref 10,Spanish,stool1
O2.UC5-2,O2.UC5-2,O2.UC5,E,Ref 10,Spanish,stool1
O2.UC52-0,O2.UC52-0,O2.UC52,E,Ref 10,Spanish,stool1
O2.UC52-2,O2.UC52-2,O2.UC52,E,Ref 10,Spanish,stool1
O2.UC53-0,O2.UC53-0,O2.UC53,E,Ref 10,Spanish,stool1
O2.UC53-2,O2.UC53-2,O2.UC53,E,Ref 10,Spanish,stool1
O2.UC54-0,O2.UC54-0,O2.UC54,E,Ref 10,Spanish,stool1
O2.UC54-2,O2.UC54-2,O2.UC54,E,Ref 10,Spanish,stool1
O2.UC55-0,O2.UC55-0,O2.UC55,E,Ref 10,Spanish,stool1
O2.UC55-2,O2.UC55-2,O2.UC55,E,Ref 10,Spanish,stool1
O2.UC56-0,O2.UC56-0,O2.UC56,E,Ref 10,Spanish,stool1
O2.UC56-2,O2.UC56-2,O2.UC56,E,Ref 10,Spanish,stool1
O2.UC57-0,O2.UC57-0,O2.UC57,E,Ref 10,Spanish,stool1
O2.UC57-2,O2.UC57-2,O2.UC57,E,Ref 10,Spanish,stool1
O2.UC58-0,O2.UC58-0,O2.UC58,E,Ref 10,Spanish,stool1
O2.UC58-2,O2.UC58-2,O2.UC58,E,Ref 10,Spanish,stool1
O2.UC59-0,O2.UC59-0,O2.UC59,E,Ref 10,Spanish,stool1
O2.UC59-2,O2.UC59-2,O2.UC59,E,Ref 10,Spanish,stool1
O2.UC6-0,O2.UC6-0,O2.UC6,E,Current study,Spanish,stool1
O2.UC60-0,O2.UC60-0,O2.UC60,E,Ref 10,Spanish,stool1
O2.UC60-2,O2.UC60-2,O2.UC60,E,Ref 10,Spanish,stool1
O2.UC6-1,O2.UC6-1,O2.UC6,E,Current study,Spanish,stool1
O2.UC6-2,O2.UC6-2,O2.UC6,E,Current study,Spanish,stool1
O2.UC7-0,O2.UC7-0,O2.UC7,E,Current study,Spanish,stool1
O2.UC7-1,O2.UC7-1,O2.UC7,E,Current study,Spanish,stool1
O2.UC8-0,O2.UC8-0,O2.UC8,E,Current study,Spanish,stool1
O2.UC8-1,O2.UC8-1,O2.UC8,E,Current study,Spanish,stool1
O2.UC8-2,O2.UC8-2,O2.UC8,E,Current study,Spanish,stool1
O2.UC9-0,O2.UC9-0,O2.UC9,E,Ref 10,Spanish,stool1
O2.UC9-1,O2.UC9-1,O2.UC9,E,Current study,Spanish,stool1
O2.UC9-2,O2.UC9-2,O2.UC9,E,Ref 10,Spanish,stool1
V1.CD1-0,V1.CD1-0,V1.CD1,E,Ref 2,Spanish,stool1
V1.CD10-0,V1.CD10-0,V1.CD10,E,Ref 10,Spanish,stool1
V1.CD1-0-PN,V1.CD1-0-PN,V1.CD1,E,Current study,Spanish,stool1
V1.CD1-0-PT,V1.CD-PT1-0,V1.CD1,E,Current study,Spanish,stool1
V1.CD11-0,V1.CD11-0,V1.CD11,E,Ref 2,Spanish,stool1
V1.CD12-0,V1.CD12-0,V1.CD12,E,Ref 2,Spanish,stool1
V1.CD12-3,V1.CD12-3,V1.CD12,E,Current study,Spanish,stool1
V1.CD13-0,V1.CD13-0,V1.CD13,E,Ref 2,Spanish,stool1
V1.CD1-3-PN,V1.CD1-3-PN,V1.CD1,E,Current study,Spanish,stool1
V1.CD14-0,V1.CD14-0,V1.CD14,E,Ref 2,Spanish,stool1
V1.CD15-0,V1.CD15-0,V1.CD15,E,Ref 2,Spanish,stool1
V1.CD15-3,V1.CD15-3,V1.CD15,E,Ref 10,Spanish,stool1
V1.CD16-0,V1.CD16-0,V1.CD16,E,Ref 10,Spanish,stool1
V1.CD17-0,V1.CD17-0,V1.CD17,E,Ref 10,Spanish,stool1
V1.CD17-4,V1.CD17-4,V1.CD17,E,Ref 10,Spanish,stool1
V1.CD18-0,V1.CD18-0,V1.CD18,E,Ref 10,Spanish,stool1
V1.CD18-3,V1.CD18-3,V1.CD18,E,Ref 10,Spanish,stool1
V1.CD19-0,V1.CD19-0,V1.CD19,E,Ref 10,Spanish,stool1
V1.CD2-0,V1.CD2-0,V1.CD2,E,Ref 2,Spanish,stool1
V1.CD20-0,V1.CD20-0,V1.CD20,E,Current study,Spanish,stool1
V1.CD20-4,V1.CD20-4,V1.CD20,E,Ref 10,Spanish,stool1
V1.CD2-0-PN,V1.CD2-0-PN,V1.CD2,E,Current study,Spanish,stool1
V1.CD2-0-PT,V1.CD-PT2-0,V1.CD2,E,Current study,Spanish,stool1
V1.CD21-0,V1.CD21-0,V1.CD21,E,Ref 10,Spanish,stool1
V1.CD21-4,V1.CD21-4,V1.CD21,E,Ref 10,Spanish,stool1
V1.CD22-0,V1.CD22-0,V1.CD22,E,Ref 10,Spanish,stool1
V1.CD24-0,V1.CD24-0,V1.CD24,E,Ref 10,Spanish,stool1
V1.CD25-0,V1.CD25-0,V1.CD25,E,Ref 10,Spanish,stool1
V1.CD25-4,V1.CD25-4,V1.CD25,E,Ref 10,Spanish,stool1
V1.CD27-0,V1.CD27-0,V1.CD27,E,Ref 10,Spanish,stool1
V1.CD28-0,V1.CD28-0,V1.CD28,E,Ref 10,Spanish,stool1
V1.CD29-0,V1.CD29-0,V1.CD29,E,Ref 10,Spanish,stool1
V1.CD3-0,V1.CD3-0,V1.CD3,E,Ref 2,Spanish,stool1
V1.CD30-0,V1.CD30-0,V1.CD30,E,Ref 10,Spanish,stool1
V1.CD3-0-PN,V1.CD3-0-PN,V1.CD3,E,Current study,Spanish,stool1
V1.CD3-0-PT,V1.CD-PT3-0,V1.CD3,E,Current study,Spanish,stool1
V1.CD31-0,V1.CD31-0,V1.CD31,E,Ref 10,Spanish,stool1
V1.CD32-0,V1.CD32-0,V1.CD32,E,Current study,Spanish,stool1
V1.CD32-4,V1.CD32-4,V1.CD32,E,Current study,Spanish,stool1
V1.CD3-3-PN,V1.CD3-3-PN,V1.CD3,E,Current study,Spanish,stool1
V1.CD34-0,V1.CD34-0,V1.CD34,E,Ref 10,Spanish,stool1
V1.CD35-0,V1.CD35-0,V1.CD35,E,Ref 10,Spanish,stool1
V1.CD35-1,V1.CD35-1,V1.CD35,E,Ref 10,Spanish,stool1
V1.CD36-0,V1.CD36-0,V1.CD36,E,Ref 10,Spanish,stool1
V1.CD37-4,V1.CD37-4,V1.CD37,E,Current study,Spanish,stool1
V1.CD38-0,V1.CD38-0,V1.CD38,E,Ref 10,Spanish,stool1
V1.CD4-0,V1.CD4-0,V1.CD4,E,Ref 2,Spanish,stool1
V1.CD40-0,V1.CD40-0,V1.CD40,E,Current study,Spanish,stool1
V1.CD4-0-PN,V1.CD4-0-PN,V1.CD4,E,Current study,Spanish,stool1
V1.CD4-0-PT,V1.CD-PT4-0,V1.CD4,E,Current study,Spanish,stool1
V1.CD41-0,V1.CD41-0,V1.CD41,E,Ref 10,Spanish,stool1
V1.CD42-0,V1.CD42-0,V1.CD42,E,Ref 10,Spanish,stool1
V1.CD43-0,V1.CD43-0,V1.CD43,E,Current study,Spanish,stool1
V1.CD44-0,V1.CD44-0,V1.CD44,E,Current study,Spanish,stool1
V1.CD44-4,V1.CD44-4,V1.CD44,E,Current study,Spanish,stool1
V1.CD45-0,V1.CD45-0,V1.CD45,E,Current study,Spanish,stool1
V1.CD46-0,V1.CD46-0,V1.CD46,E,Current study,Spanish,stool1
V1.CD48-0,V1.CD48-0,V1.CD48,E,Current study,Spanish,stool1
V1.CD49-0,V1.CD49-0,V1.CD49,E,Current study,Spanish,stool1
V1.CD50-0,V1.CD50-0,V1.CD50,E,Current study,Spanish,stool1
V1.CD5-0-PN,V1.CD5-0-PN,V1.CD5,E,Current study,Spanish,stool1
V1.CD51-0,V1.CD51-0,V1.CD51,E,Current study,Spanish,stool1
V1.CD52-0,V1.CD52-0,V1.CD52,E,Current study,Spanish,stool1
V1.CD53-0,V1.CD53-0,V1.CD53,E,Current study,Spanish,stool1
V1.CD54-0,V1.CD54-0,V1.CD54,E,Current study,Spanish,stool1
V1.CD55-0,V1.CD55-0,V1.CD55,E,Current study,Spanish,stool1
V1.CD6-0,V1.CD6-0,V1.CD6,E,Ref 2,Spanish,stool1
V1.CD6-0-PN,V1.CD6-0-PN,V1.CD6,E,Current study,Spanish,stool1
V1.CD6-0-PT,V1.CD-PT6-0,V1.CD6,E,Current study,Spanish,stool1
V1.CD6-4,V1.CD6-4,V1.CD6,E,Ref 10,Spanish,stool1
V1.CD7-0,V1.CD7-0,V1.CD7,E,Ref 10,Spanish,stool1
V1.CD7-0-PN,V1.CD7-0-PN,V1.CD7,E,Current study,Spanish,stool1
V1.CD7-4,V1.CD7-4,V1.CD7,E,Ref 10,Spanish,stool1
V1.CD8-0,V1.CD8-0,V1.CD8,E,Ref 2,Spanish,stool1
V1.CD8-0-PN,V1.CD8-0-PN,V1.CD8,E,Current study,Spanish,stool1
V1.CD9-0,V1.CD9-0,V1.CD9,E,Ref 2,Spanish,stool1
V1.FI01,V1.FI01,V1.FI01,E,Current study,Spanish,stool1
V1.FI02,V1.FI02,V1.FI02,E,Current study,Spanish,stool1
V1.FI03,V1.FI03,V1.FI03,E,Current study,Spanish,stool1
V1.FI04,V1.FI04,V1.FI04,E,Current study,Spanish,stool1
V1.FI05,V1.FI05,V1.FI05,E,Current study,Spanish,stool1
V1.FI06,V1.FI06,V1.FI06,E,Current study,Spanish,stool1
V1.FI07,V1.FI07,V1.FI07,E,Current study,Spanish,stool1
V1.FI08,V1.FI08,V1.FI08,E,Current study,Spanish,stool1
V1.FI09,V1.FI09,V1.FI09,E,Current study,Spanish,stool1
V1.FI10,V1.FI10,V1.FI10,E,Current study,Spanish,stool1
V1.FI11,V1.FI11,V1.FI11,E,Current study,Spanish,stool1
V1.FI12,V1.FI12,V1.FI12,E,Current study,Spanish,stool1
V1.FI13,V1.FI13,V1.FI13,E,Current study,Spanish,stool1
V1.FI14,V1.FI14,V1.FI14,E,Current study,Spanish,stool1
V1.FI15,V1.FI15,V1.FI15,E,Current study,Spanish,stool1
V1.FI16,V1.FI16,V1.FI16,E,Current study,Spanish,stool1
V1.FI17,V1.FI17,V1.FI17,E,Current study,Spanish,stool1
V1.FI18,V1.FI18,V1.FI18,E,Current study,Spanish,stool1
V1.FI19,V1.FI19,V1.FI19,E,Current study,Spanish,stool1
V1.FI20,V1.FI20,V1.FI20,E,Current study,Spanish,stool1
V1.FI21,V1.FI21,V1.FI21,E,Current study,Spanish,stool1
V1.FI22,V1.FI22,V1.FI22,E,Current study,Spanish,stool1
V1.FI23,V1.FI23,V1.FI23,E,Current study,Spanish,stool1
V1.FI24,V1.FI24,V1.FI24,E,Current study,Spanish,stool1
V1.FI25,V1.FI25,V1.FI25,E,Current study,Spanish,stool1
V1.FI26,V1.FI26,V1.FI26,E,Current study,Spanish,stool1
V1.FI27,V1.FI27,V1.FI27,E,Current study,Spanish,stool1
V1.FI28,V1.FI28,V1.FI28,E,Current study,Spanish,stool1
V1.FI29,V1.FI29,V1.FI29,E,Current study,Spanish,stool1
V1.FI30,V1.FI30,V1.FI30,E,Current study,Spanish,stool1
V1.FI31,V1.FI31,V1.FI31,E,Current study,Spanish,stool1
V1.FI32,V1.FI32,V1.FI32,E,Current study,Spanish,stool1
V1.FI33,V1.FI33,V1.FI33,E,Current study,Spanish,stool1
V1.FI34,V1.FI34,V1.FI34,E,Current study,Spanish,stool1
V1.FI35,V1.FI35,V1.FI35,E,Current study,Spanish,stool1
V1.FI36,V1.FI36,V1.FI36,E,Current study,Spanish,stool1
V1.FI37,V1.FI37,V1.FI37,E,Current study,Spanish,stool1
V1.UC1-0,V1.UC1-0,V1.UC1,E,Ref 10,Spanish,stool1
V1.UC10-0,V1.UC10-0,V1.UC10,E,Ref 2,Spanish,stool1
V1.UC10-2,V1.UC10-2,V1.UC10,E,Ref 10,Spanish,stool1
V1.UC11-0,V1.UC11-0,V1.UC11,E,Ref 10,Spanish,stool1
V1.UC11-5,V1.UC11-5,V1.UC11,E,Ref 10,Spanish,stool1
V1.UC12-0,V1.UC12-0,V1.UC12,E,Ref 10,Spanish,stool1
V1.UC12-4,V1.UC12-4,V1.UC12,E,Ref 10,Spanish,stool1
V1.UC13-0,V1.UC13-0,V1.UC13,E,Ref 2,Spanish,stool1
V1.UC13-3,V1.UC13-3,V1.UC13,E,Ref 10,Spanish,stool1
V1.UC14-0,V1.UC14-0,V1.UC14,E,Ref 2,Spanish,stool1
V1.UC14-1,V1.UC14-1,V1.UC14,E,Ref 10,Spanish,stool1
V1.UC15-0,V1.UC15-0,V1.UC15,E,Ref 2,Spanish,stool1
V1.UC15-3,V1.UC15-3,V1.UC15,E,Ref 10,Spanish,stool1
V1.UC16-0,V1.UC16-0,V1.UC16,E,Ref 10,Spanish,stool1
V1.UC17-0,V1.UC17-0,V1.UC17,E,Ref 2,Spanish,stool1
V1.UC17-2,V1.UC17-2,V1.UC17,E,Ref 10,Spanish,stool1
V1.UC18-0,V1.UC18-0,V1.UC18,E,Ref 2,Spanish,stool1
V1.UC19-0,V1.UC19-0,V1.UC19,E,Ref 2,Spanish,stool1
V1.UC2-0,V1.UC2-0,V1.UC2,E,Ref 10,Spanish,stool1
V1.UC21-0,V1.UC21-0,V1.UC21,E,Ref 2,Spanish,stool1
V1.UC21-4,V1.UC21-4,V1.UC21,E,Ref 10,Spanish,stool1
V1.UC22-1,V1.UC22-1,V1.UC22,E,Current study,Spanish,stool1
V1.UC23-0,V1.UC23-0,V1.UC23,E,Ref 10,Spanish,stool1
V1.UC23-1,V1.UC23-1,V1.UC23,E,Ref 10,Spanish,stool1
V1.UC2-4,V1.UC2-4,V1.UC2,E,Ref 10,Spanish,stool1
V1.UC24-0,V1.UC24-0,V1.UC24,E,Ref 10,Spanish,stool1
V1.UC25-0,V1.UC25-0,V1.UC25,E,Ref 10,Spanish,stool1
V1.UC25-1,V1.UC25-1,V1.UC25,E,Ref 10,Spanish,stool1
V1.UC26-0,V1.UC26-0,V1.UC26,E,Ref 10,Spanish,stool1
V1.UC26-4,V1.UC26-4,V1.UC26,E,Ref 10,Spanish,stool1
V1.UC27-0,V1.UC27-0,V1.UC27,E,Ref 10,Spanish,stool1
V1.UC28-0,V1.UC28-0,V1.UC28,E,Ref 10,Spanish,stool1
V1.UC29-0,V1.UC29-0,V1.UC29,E,Ref 10,Spanish,stool1
V1.UC3-0,V1.UC3-0,V1.UC3,E,Ref 10,Spanish,stool1
V1.UC30-0,V1.UC30-0,V1.UC30,E,Ref 10,Spanish,stool1
V1.UC31-0,V1.UC31-0,V1.UC31,E,Ref 10,Spanish,stool1
V1.UC31-4,V1.UC31-4,V1.UC31,E,Ref 10,Spanish,stool1
V1.UC3-2,V1.UC3-2,V1.UC3,E,Ref 10,Spanish,stool1
V1.UC32-0,V1.UC32-0,V1.UC32,E,Ref 10,Spanish,stool1
V1.UC33-0,V1.UC33-0,V1.UC33,E,Ref 10,Spanish,stool1
V1.UC34-0,V1.UC34-0,V1.UC34,E,Ref 10,Spanish,stool1
V1.UC35-0,V1.UC35-0,V1.UC35,E,Ref 10,Spanish,stool1
V1.UC35-4,V1.UC35-4,V1.UC35,E,Ref 10,Spanish,stool1
V1.UC36-0,V1.UC36-0,V1.UC36,E,Ref 10,Spanish,stool1
V1.UC37-0,V1.UC37-0,V1.UC37,E,Ref 10,Spanish,stool1
V1.UC38-0,V1.UC38-0,V1.UC38,E,Ref 10,Spanish,stool1
V1.UC38-4,V1.UC38-4,V1.UC38,E,Current study,Spanish,stool1
V1.UC39-0,V1.UC39-0,V1.UC39,E,Ref 10,Spanish,stool1
V1.UC39-4,V1.UC39-4,V1.UC39,E,Current study,Spanish,stool1
V1.UC4-0,V1.UC4-0,V1.UC4,E,Ref 10,Spanish,stool1
V1.UC40-0,V1.UC40-0,V1.UC40,E,Ref 10,Spanish,stool1
V1.UC40-1,V1.UC40-1,V1.UC40,E,Current study,Spanish,stool1
V1.UC41-0,V1.UC41-0,V1.UC41,E,Ref 10,Spanish,stool1
V1.UC42-0,V1.UC42-0,V1.UC42,E,Ref 10,Spanish,stool1
V1.UC43-0,V1.UC43-0,V1.UC43,E,Ref 10,Spanish,stool1
V1.UC44-0,V1.UC44-0,V1.UC44,E,Ref 10,Spanish,stool1
V1.UC4-5,V1.UC4-5,V1.UC4,E,Ref 10,Spanish,stool1
V1.UC45-0,V1.UC45-0,V1.UC45,E,Ref 10,Spanish,stool1
V1.UC46-0,V1.UC46-0,V1.UC46,E,Ref 10,Spanish,stool1
V1.UC47-0,V1.UC47-0,V1.UC47,E,Ref 10,Spanish,stool1
V1.UC47-4,V1.UC47-4,V1.UC47,E,Current study,Spanish,stool1
V1.UC48-0,V1.UC48-0,V1.UC48,E,Ref 10,Spanish,stool1
V1.UC49-0,V1.UC49-0,V1.UC49,E,Ref 10,Spanish,stool1
V1.UC49-1,V1.UC49-1,V1.UC49,E,Ref 10,Spanish,stool1
V1.UC5-0,V1.UC5-0,V1.UC5,E,Ref 10,Spanish,stool1
V1.UC50-1,V1.UC50-1,V1.UC50,E,Ref 10,Spanish,stool1
V1.UC51-0,V1.UC51-0,V1.UC51,E,Ref 10,Spanish,stool1
V1.UC51-4,V1.UC51-4,V1.UC51,E,Ref 10,Spanish,stool1
V1.UC52-0,V1.UC52-0,V1.UC52,E,Ref 10,Spanish,stool1
V1.UC52-1,V1.UC52-1,V1.UC52,E,Ref 10,Spanish,stool1
V1.UC5-3,V1.UC5-3,V1.UC5,E,Ref 10,Spanish,stool1
V1.UC53-0,V1.UC53-0,V1.UC53,E,Ref 10,Spanish,stool1
V1.UC53-4,V1.UC53-4,V1.UC53,E,Ref 10,Spanish,stool1
V1.UC54-0,V1.UC54-0,V1.UC54,E,Ref 10,Spanish,stool1
V1.UC54-4,V1.UC54-4,V1.UC54,E,Current study,Spanish,stool1
V1.UC55-0,V1.UC55-0,V1.UC55,E,Ref 10,Spanish,stool1
V1.UC55-4,V1.UC55-4,V1.UC55,E,Ref 10,Spanish,stool1
V1.UC56-0,V1.UC56-0,V1.UC56,E,Ref 10,Spanish,stool1
V1.UC56-1,V1.UC56-1,V1.UC56,E,Current study,Spanish,stool1
V1.UC57-0,V1.UC57-0,V1.UC57,E,Ref 10,Spanish,stool1
V1.UC58-0,V1.UC58-0,V1.UC58,E,Ref 10,Spanish,stool1
V1.UC58-4,V1.UC58-4,V1.UC58,E,Current study,Spanish,stool1
V1.UC59-0,V1.UC59-0,V1.UC59,E,Current study,Spanish,stool1
V1.UC59-4,V1.UC59-4,V1.UC59,E,Current study,Spanish,stool1
V1.UC6-0,V1.UC6-0,V1.UC6,E,Ref 2,Spanish,stool1
V1.UC60-0,V1.UC60-0,V1.UC60,E,Current study,Spanish,stool1
V1.UC61-0,V1.UC61-0,V1.UC61,E,Ref 10,Spanish,stool1
V1.UC62-0,V1.UC62-0,V1.UC62,E,Ref 10,Spanish,stool1
V1.UC63-0,V1.UC63-0,V1.UC63,E,Current study,Spanish,stool1
V1.UC64-0,V1.UC64-0,V1.UC64,E,Current study,Spanish,stool1
V1.UC7-0,V1.UC7-0,V1.UC7,E,Ref 2,Spanish,stool1
V1.UC8-0,V1.UC8-0,V1.UC8,E,Ref 2,Spanish,stool1
V1.UC9-0,V1.UC9-0,V1.UC9,E,Ref 2,Spanish,stool1
CON-001,BGI002A,CON-001,C,Ref 4,Chinese,stool1
CON-002,N006A,CON-002,C,Ref 4,Chinese,stool1
CON-003,N013A,CON-003,C,Ref 4,Chinese,stool1
CON-004,N024A,CON-004,C,Ref 4,Chinese,stool1
CON-005,N037A,CON-005,C,Ref 4,Chinese,stool1
CON-006,N038A,CON-006,C,Ref 4,Chinese,stool1
CON-007,N043A,CON-007,C,Ref 4,Chinese,stool1
CON-008,N046A,CON-008,C,Ref 4,Chinese,stool1
CON-009,N052A,CON-009,C,Ref 4,Chinese,stool1
CON-010,SZEY-26A,CON-010,C,Ref 4,Chinese,stool1
CON-011,SZEY-38A,CON-011,C,Ref 4,Chinese,stool1
CON-012,SZEY-43A,CON-012,C,Ref 4,Chinese,stool1
CON-013,SZEY-73A,CON-013,C,Ref 4,Chinese,stool1
CON-014,SZEY-75A,CON-014,C,Ref 4,Chinese,stool1
CON-015,SZEY-81A,CON-015,C,Ref 4,Chinese,stool1
CON-016,BGI-06A,CON-016,C,Ref 4,Chinese,stool1
CON-017,BGI-28A,CON-017,C,Ref 4,Chinese,stool1
CON-018,BGI089A,CON-018,C,Ref 4,Chinese,stool1
CON-019,N003A,CON-019,C,Ref 4,Chinese,stool1
CON-020,N027A,CON-020,C,Ref 4,Chinese,stool1
CON-021,N082A,CON-021,C,Ref 4,Chinese,stool1
CON-022,N084A,CON-022,C,Ref 4,Chinese,stool1
CON-023,N087A,CON-023,C,Ref 4,Chinese,stool1
CON-026,SZEY-58A,CON-026,C,Ref 4,Chinese,stool1
CON-027,SZEY-63A,CON-027,C,Ref 4,Chinese,stool1
CON-028,SZEY-68A,CON-028,C,Ref 4,Chinese,stool1
CON-029,SZEY-69A,CON-029,C,Ref 4,Chinese,stool1
CON-031,T2D-83A,CON-031,C,Ref 4,Chinese,stool1
CON-032,BGI-15A,CON-032,C,Ref 4,Chinese,stool1
CON-033,BGI-17A,CON-033,C,Ref 4,Chinese,stool1
CON-034,BGI-27A,CON-034,C,Ref 4,Chinese,stool1
CON-035,BGI-33A,CON-035,C,Ref 4,Chinese,stool1
CON-036,BGI-34A,CON-036,C,Ref 4,Chinese,stool1
CON-037,BGI001A,CON-037,C,Ref 4,Chinese,stool1
CON-038,BGI003A,CON-038,C,Ref 4,Chinese,stool1
CON-039,N005A,CON-039,C,Ref 4,Chinese,stool1
CON-040,N017A,CON-040,C,Ref 4,Chinese,stool1
CON-041,N020A,CON-041,C,Ref 4,Chinese,stool1
CON-042,N021A,CON-042,C,Ref 4,Chinese,stool1
CON-043,N022A,CON-043,C,Ref 4,Chinese,stool1
CON-044,N025A,CON-044,C,Ref 4,Chinese,stool1
CON-045,N029A,CON-045,C,Ref 4,Chinese,stool1
CON-046,N031A,CON-046,C,Ref 4,Chinese,stool1
CON-047,N034A,CON-047,C,Ref 4,Chinese,stool1
CON-048,N040A,CON-048,C,Ref 4,Chinese,stool1
CON-049,N047A,CON-049,C,Ref 4,Chinese,stool1
CON-050,N051A,CON-050,C,Ref 4,Chinese,stool1
CON-051,N056A,CON-051,C,Ref 4,Chinese,stool1
CON-052,N064A,CON-052,C,Ref 4,Chinese,stool1
CON-053,N066A,CON-053,C,Ref 4,Chinese,stool1
CON-054,N074A,CON-054,C,Ref 4,Chinese,stool1
CON-055,N083A,CON-055,C,Ref 4,Chinese,stool1
CON-056,N089A,CON-056,C,Ref 4,Chinese,stool1
CON-057,SZEY-06A,CON-057,C,Ref 4,Chinese,stool1
CON-058,SZEY-08A,CON-058,C,Ref 4,Chinese,stool1
CON-059,SZEY-09A,CON-059,C,Ref 4,Chinese,stool1
CON-060,SZEY-10A,CON-060,C,Ref 4,Chinese,stool1
CON-061,SZEY-20A,CON-061,C,Ref 4,Chinese,stool1
CON-062,SZEY-24A,CON-062,C,Ref 4,Chinese,stool1
CON-063,SZEY-27A,CON-063,C,Ref 4,Chinese,stool1
CON-064,SZEY-29A,CON-064,C,Ref 4,Chinese,stool1
CON-065,SZEY-35A,CON-065,C,Ref 4,Chinese,stool1
CON-066,SZEY-37A,CON-066,C,Ref 4,Chinese,stool1
CON-067,SZEY-39A,CON-067,C,Ref 4,Chinese,stool1
CON-068,SZEY-40A,CON-068,C,Ref 4,Chinese,stool1
CON-069,SZEY-41A,CON-069,C,Ref 4,Chinese,stool1
CON-070,SZEY-44A,CON-070,C,Ref 4,Chinese,stool1
CON-071,SZEY-55A,CON-071,C,Ref 4,Chinese,stool1
CON-072,SZEY-59A,CON-072,C,Ref 4,Chinese,stool1
CON-073,SZEY-62A,CON-073,C,Ref 4,Chinese,stool1
CON-074,SZEY-64A,CON-074,C,Ref 4,Chinese,stool1
CON-075,SZEY-66A,CON-075,C,Ref 4,Chinese,stool1
CON-076,SZEY-74A,CON-076,C,Ref 4,Chinese,stool1
CON-077,SZEY-78A,CON-077,C,Ref 4,Chinese,stool1
CON-078,SZEY-79A,CON-078,C,Ref 4,Chinese,stool1
CON-079,T2D-121A,CON-079,C,Ref 4,Chinese,stool1
CON-080,T2D-65A,CON-080,C,Ref 4,Chinese,stool1
CON-081,N001A,CON-081,C,Ref 4,Chinese,stool1
CON-082,N002A,CON-082,C,Ref 4,Chinese,stool1
CON-083,N009A,CON-083,C,Ref 4,Chinese,stool1
CON-084,N011A,CON-084,C,Ref 4,Chinese,stool1
CON-085,N026A,CON-085,C,Ref 4,Chinese,stool1
CON-086,N032A,CON-086,C,Ref 4,Chinese,stool1
CON-087,N033A,CON-087,C,Ref 4,Chinese,stool1
CON-088,N035A,CON-088,C,Ref 4,Chinese,stool1
CON-089,N039A,CON-089,C,Ref 4,Chinese,stool1
CON-090,N042A,CON-090,C,Ref 4,Chinese,stool1
CON-091,N044A,CON-091,C,Ref 4,Chinese,stool1
CON-092,N049A,CON-092,C,Ref 4,Chinese,stool1
CON-093,N062A,CON-093,C,Ref 4,Chinese,stool1
CON-095,N079A,CON-095,C,Ref 4,Chinese,stool1
CON-096,N085A,CON-096,C,Ref 4,Chinese,stool1
CON-097,N086A,CON-097,C,Ref 4,Chinese,stool1
CON-098,N088A,CON-098,C,Ref 4,Chinese,stool1
CON-099,N103A,CON-099,C,Ref 4,Chinese,stool1
CON-101,SZEY-07A,CON-101,C,Ref 4,Chinese,stool1
CON-104,SZEY-22A,CON-104,C,Ref 4,Chinese,stool1
CON-105,SZEY-30A,CON-105,C,Ref 4,Chinese,stool1
CON-106,SZEY-48A,CON-106,C,Ref 4,Chinese,stool1
CON-107,SZEY-60A,CON-107,C,Ref 4,Chinese,stool1
DLF001,DLF001,DLF001,C,Ref 4,Chinese,stool1
DLF002,DLF002,DLF002,C,Ref 4,Chinese,stool1
DLF003,DLF003,DLF003,C,Ref 4,Chinese,stool1
DLF004,DLF004,DLF004,C,Ref 4,Chinese,stool1
DLF005,DLF005,DLF005,C,Ref 4,Chinese,stool1
DLF006,DLF006,DLF006,C,Ref 4,Chinese,stool1
DLF007,DLF007,DLF007,C,Ref 4,Chinese,stool1
DLF008,DLF008,DLF008,C,Ref 4,Chinese,stool1
DLF009,DLF009,DLF009,C,Ref 4,Chinese,stool1
DLF010,DLF010,DLF010,C,Ref 4,Chinese,stool1
DLF012,DLF012,DLF012,C,Ref 4,Chinese,stool1
DLF013,DLF013,DLF013,C,Ref 4,Chinese,stool1
DLF014,DLF014,DLF014,C,Ref 4,Chinese,stool1
DLM001,DLM001,DLM001,C,Ref 4,Chinese,stool1
DLM002,DLM002,DLM002,C,Ref 4,Chinese,stool1
DLM003,DLM003,DLM003,C,Ref 4,Chinese,stool1
DLM004,DLM004,DLM004,C,Ref 4,Chinese,stool1
DLM005,DLM005,DLM005,C,Ref 4,Chinese,stool1
DLM006,DLM006,DLM006,C,Ref 4,Chinese,stool1
DLM007,DLM007,DLM007,C,Ref 4,Chinese,stool1
DLM008,DLM008,DLM008,C,Ref 4,Chinese,stool1
DLM009,DLM009,DLM009,C,Ref 4,Chinese,stool1
DLM010,DLM010,DLM010,C,Ref 4,Chinese,stool1
DLM011,DLM011,DLM011,C,Ref 4,Chinese,stool1
DLM012,DLM012,DLM012,C,Ref 4,Chinese,stool1
DLM013,DLM013,DLM013,C,Ref 4,Chinese,stool1
DLM014,DLM014,DLM014,C,Ref 4,Chinese,stool1
DLM015,DLM015,DLM015,C,Ref 4,Chinese,stool1
DLM016,DLM016,DLM016,C,Ref 4,Chinese,stool1
DLM017,DLM017,DLM017,C,Ref 4,Chinese,stool1
DLM018,DLM018,DLM018,C,Ref 4,Chinese,stool1
DLM019,DLM019,DLM019,C,Ref 4,Chinese,stool1
DLM020,DLM020,DLM020,C,Ref 4,Chinese,stool1
DLM021,DLM021,DLM021,C,Ref 4,Chinese,stool1
DLM022,DLM022,DLM022,C,Ref 4,Chinese,stool1
DLM023,DLM023,DLM023,C,Ref 4,Chinese,stool1
DLM024,DLM024,DLM024,C,Ref 4,Chinese,stool1
DLM027,DLM027,DLM027,C,Ref 4,Chinese,stool1
DLM028,DLM028,DLM028,C,Ref 4,Chinese,stool1
DOF002,DOF002,DOF002,C,Ref 4,Chinese,stool1
DOF003,DOF003,DOF003,C,Ref 4,Chinese,stool1
DOF004,DOF004,DOF004,C,Ref 4,Chinese,stool1
DOF006,DOF006,DOF006,C,Ref 4,Chinese,stool1
DOF007,DOF007,DOF007,C,Ref 4,Chinese,stool1
DOF008,DOF008,DOF008,C,Ref 4,Chinese,stool1
DOF009,DOF009,DOF009,C,Ref 4,Chinese,stool1
DOF010,DOF010,DOF010,C,Ref 4,Chinese,stool1
DOF011,DOF011,DOF011,C,Ref 4,Chinese,stool1
DOF012,DOF012,DOF012,C,Ref 4,Chinese,stool1
DOF013,DOF013,DOF013,C,Ref 4,Chinese,stool1
DOF014,DOF014,DOF014,C,Ref 4,Chinese,stool1
DOM001,DOM001,DOM001,C,Ref 4,Chinese,stool1
DOM003,DOM003,DOM003,C,Ref 4,Chinese,stool1
DOM005,DOM005,DOM005,C,Ref 4,Chinese,stool1
DOM008,DOM008,DOM008,C,Ref 4,Chinese,stool1
DOM010,DOM010,DOM010,C,Ref 4,Chinese,stool1
DOM012,DOM012,DOM012,C,Ref 4,Chinese,stool1
DOM013,DOM013,DOM013,C,Ref 4,Chinese,stool1
DOM014,DOM014,DOM014,C,Ref 4,Chinese,stool1
DOM015,DOM015,DOM015,C,Ref 4,Chinese,stool1
DOM016,DOM016,DOM016,C,Ref 4,Chinese,stool1
DOM017,DOM017,DOM017,C,Ref 4,Chinese,stool1
DOM018,DOM018,DOM018,C,Ref 4,Chinese,stool1
DOM019,DOM019,DOM019,C,Ref 4,Chinese,stool1
DOM020,DOM020,DOM020,C,Ref 4,Chinese,stool1
DOM021,DOM021,DOM021,C,Ref 4,Chinese,stool1
DOM022,DOM022,DOM022,C,Ref 4,Chinese,stool1
DOM023,DOM023,DOM023,C,Ref 4,Chinese,stool1
DOM024,DOM024,DOM024,C,Ref 4,Chinese,stool1
DOM025,DOM025,DOM025,C,Ref 4,Chinese,stool1
DOM026,DOM026,DOM026,C,Ref 4,Chinese,stool1
ED10A,ED10A,ED10A,C,Ref 4,Chinese,stool1
ED11A,ED11A,ED11A,C,Ref 4,Chinese,stool1
ED16A,ED16A,ED16A,C,Ref 4,Chinese,stool1
HT14A,HT14A,HT14A,C,Ref 4,Chinese,stool1
HT25A,HT25A,HT25A,C,Ref 4,Chinese,stool1
HT8A,HT8A,HT8A,C,Ref 4,Chinese,stool1
N075A,N075A,N075A,C,Ref 4,Chinese,stool1
N104A,N104A,N104A,C,Ref 4,Chinese,stool1
NLF001,NLF001,NLF001,C,Ref 4,Chinese,stool1
NLF002,NLF002,NLF002,C,Ref 4,Chinese,stool1
NLF005,NLF005,NLF005,C,Ref 4,Chinese,stool1
NLF006,NLF006,NLF006,C,Ref 4,Chinese,stool1
NLF007,NLF007,NLF007,C,Ref 4,Chinese,stool1
NLF008,NLF008,NLF008,C,Ref 4,Chinese,stool1
NLF009,NLF009,NLF009,C,Ref 4,Chinese,stool1
NLF010,NLF010,NLF010,C,Ref 4,Chinese,stool1
NLF011,NLF011,NLF011,C,Ref 4,Chinese,stool1
NLF012,NLF012,NLF012,C,Ref 4,Chinese,stool1
NLF013,NLF013,NLF013,C,Ref 4,Chinese,stool1
NLF014,NLF014,NLF014,C,Ref 4,Chinese,stool1
NLF015,NLF015,NLF015,C,Ref 4,Chinese,stool1
NLM001,NLM001,NLM001,C,Ref 4,Chinese,stool1
NLM002,NLM002,NLM002,C,Ref 4,Chinese,stool1
NLM003,NLM003,NLM003,C,Ref 4,Chinese,stool1
NLM004,NLM004,NLM004,C,Ref 4,Chinese,stool1
NLM005,NLM005,NLM005,C,Ref 4,Chinese,stool1
NLM006,NLM006,NLM006,C,Ref 4,Chinese,stool1
NLM007,NLM007,NLM007,C,Ref 4,Chinese,stool1
NLM008,NLM008,NLM008,C,Ref 4,Chinese,stool1
NLM009,NLM009,NLM009,C,Ref 4,Chinese,stool1
NLM010,NLM010,NLM010,C,Ref 4,Chinese,stool1
NLM015,NLM015,NLM015,C,Ref 4,Chinese,stool1
NLM016,NLM016,NLM016,C,Ref 4,Chinese,stool1
NLM017,NLM017,NLM017,C,Ref 4,Chinese,stool1
NLM021,NLM021,NLM021,C,Ref 4,Chinese,stool1
NLM022,NLM022,NLM022,C,Ref 4,Chinese,stool1
NLM023,NLM023,NLM023,C,Ref 4,Chinese,stool1
NLM024,NLM024,NLM024,C,Ref 4,Chinese,stool1
NLM025,NLM025,NLM025,C,Ref 4,Chinese,stool1
NLM026,NLM026,NLM026,C,Ref 4,Chinese,stool1
NLM027,NLM027,NLM027,C,Ref 4,Chinese,stool1
NLM028,NLM028,NLM028,C,Ref 4,Chinese,stool1
NLM029,NLM029,NLM029,C,Ref 4,Chinese,stool1
NLM031,NLM031,NLM031,C,Ref 4,Chinese,stool1
NLM032,NLM032,NLM032,C,Ref 4,Chinese,stool1
NOF001,NOF001,NOF001,C,Ref 4,Chinese,stool1
NOF002,NOF002,NOF002,C,Ref 4,Chinese,stool1
NOF004,NOF004,NOF004,C,Ref 4,Chinese,stool1
NOF005,NOF005,NOF005,C,Ref 4,Chinese,stool1
NOF006,NOF006,NOF006,C,Ref 4,Chinese,stool1
NOF007,NOF007,NOF007,C,Ref 4,Chinese,stool1
NOF008,NOF008,NOF008,C,Ref 4,Chinese,stool1
NOF009,NOF009,NOF009,C,Ref 4,Chinese,stool1
NOF010,NOF010,NOF010,C,Ref 4,Chinese,stool1
NOF011,NOF011,NOF011,C,Ref 4,Chinese,stool1
NOF012,NOF012,NOF012,C,Ref 4,Chinese,stool1
NOF013,NOF013,NOF013,C,Ref 4,Chinese,stool1
NOF014,NOF014,NOF014,C,Ref 4,Chinese,stool1
NOM001,NOM001,NOM001,C,Ref 4,Chinese,stool1
NOM002,NOM002,NOM002,C,Ref 4,Chinese,stool1
NOM004,NOM004,NOM004,C,Ref 4,Chinese,stool1
NOM005,NOM005,NOM005,C,Ref 4,Chinese,stool1
NOM007,NOM007,NOM007,C,Ref 4,Chinese,stool1
NOM008,NOM008,NOM008,C,Ref 4,Chinese,stool1
NOM009,NOM009,NOM009,C,Ref 4,Chinese,stool1
NOM010,NOM010,NOM010,C,Ref 4,Chinese,stool1
NOM012,NOM012,NOM012,C,Ref 4,Chinese,stool1
NOM013,NOM013,NOM013,C,Ref 4,Chinese,stool1
NOM014,NOM014,NOM014,C,Ref 4,Chinese,stool1
NOM015,NOM015,NOM015,C,Ref 4,Chinese,stool1
NOM016,NOM016,NOM016,C,Ref 4,Chinese,stool1
NOM017,NOM017,NOM017,C,Ref 4,Chinese,stool1
NOM018,NOM018,NOM018,C,Ref 4,Chinese,stool1
NOM019,NOM019,NOM019,C,Ref 4,Chinese,stool1
NOM020,NOM020,NOM020,C,Ref 4,Chinese,stool1
NOM022,NOM022,NOM022,C,Ref 4,Chinese,stool1
NOM023,NOM023,NOM023,C,Ref 4,Chinese,stool1
NOM025,NOM025,NOM025,C,Ref 4,Chinese,stool1
NOM026,NOM026,NOM026,C,Ref 4,Chinese,stool1
NOM027,NOM027,NOM027,C,Ref 4,Chinese,stool1
NOM028,NOM028,NOM028,C,Ref 4,Chinese,stool1
NOM029,NOM029,NOM029,C,Ref 4,Chinese,stool1
SZEY 101A,SZEY-101A,SZEY 101A,C,Ref 4,Chinese,stool1
SZEY 103A,SZEY-103A,SZEY 103A,C,Ref 4,Chinese,stool1
SZEY 104A,SZEY-104A,SZEY 104A,C,Ref 4,Chinese,stool1
SZEY 106A,SZEY-106A,SZEY 106A,C,Ref 4,Chinese,stool1
SZEY 90A,SZEY-90A,SZEY 90A,C,Ref 4,Chinese,stool1
SZEY 93A,SZEY-93A,SZEY 93A,C,Ref 4,Chinese,stool1
SZEY 95A,SZEY-95A,SZEY 95A,C,Ref 4,Chinese,stool1
SZEY 97A,SZEY-97A,SZEY 97A,C,Ref 4,Chinese,stool1
SZEY 99A,SZEY-99A,SZEY 99A,C,Ref 4,Chinese,stool1
T2D 189A,T2D-189A,T2D 189A,C,Ref 4,Chinese,stool1
T2D 192A,T2D-192A,T2D 192A,C,Ref 4,Chinese,stool1
T2D 195A,T2D-195A,T2D 195A,C,Ref 4,Chinese,stool1
T2D 198A,T2D-198A,T2D 198A,C,Ref 4,Chinese,stool1
T2D 206A,T2D-206A,T2D 206A,C,Ref 4,Chinese,stool1
T2D 207A,T2D-207A,T2D 207A,C,Ref 4,Chinese,stool1
T2D-001,T2D-102A,T2D-001,C,Ref 4,Chinese,stool1
T2D-002,T2D-127A,T2D-002,C,Ref 4,Chinese,stool1
T2D-003,T2D-135A,T2D-003,C,Ref 4,Chinese,stool1
T2D-004,T2D-149A,T2D-004,C,Ref 4,Chinese,stool1
T2D-005,T2D-156A,T2D-005,C,Ref 4,Chinese,stool1
T2D-006,T2D-173A,T2D-006,C,Ref 4,Chinese,stool1
T2D-007,T2D-175A,T2D-007,C,Ref 4,Chinese,stool1
T2D-008,T2D-178A,T2D-008,C,Ref 4,Chinese,stool1
T2D-009,T2D-187A,T2D-009,C,Ref 4,Chinese,stool1
T2D-010,T2D-35A,T2D-010,C,Ref 4,Chinese,stool1
T2D-011,T2D-42A,T2D-011,C,Ref 4,Chinese,stool1
T2D-012,T2D-53A,T2D-012,C,Ref 4,Chinese,stool1
T2D-013,T2D-56A,T2D-013,C,Ref 4,Chinese,stool1
T2D-014,T2D-77A,T2D-014,C,Ref 4,Chinese,stool1
T2D-015,T2D-97A,T2D-015,C,Ref 4,Chinese,stool1
T2D-016,ED12A,T2D-016,C,Ref 4,Chinese,stool1
T2D-017,ED13A,T2D-017,C,Ref 4,Chinese,stool1
T2D-018,ED14A,T2D-018,C,Ref 4,Chinese,stool1
T2D-019,ED15A,T2D-019,C,Ref 4,Chinese,stool1
T2D-020,ED19A,T2D-020,C,Ref 4,Chinese,stool1
T2D-021,ED20A,T2D-021,C,Ref 4,Chinese,stool1
T2D-022,ED9A,T2D-022,C,Ref 4,Chinese,stool1
T2D-023,T2D-107A,T2D-023,C,Ref 4,Chinese,stool1
T2D-024,T2D-108A,T2D-024,C,Ref 4,Chinese,stool1
T2D-025,T2D-10A,T2D-025,C,Ref 4,Chinese,stool1
T2D-026,T2D-114A,T2D-026,C,Ref 4,Chinese,stool1
T2D-028,T2D-143A,T2D-028,C,Ref 4,Chinese,stool1
T2D-029,T2D-146A,T2D-029,C,Ref 4,Chinese,stool1
T2D-030,T2D-155A,T2D-030,C,Ref 4,Chinese,stool1
T2D-031,T2D-157A,T2D-031,C,Ref 4,Chinese,stool1
T2D-036,T2D-203A,T2D-036,C,Ref 4,Chinese,stool1
T2D-039,T2D-20A,T2D-039,C,Ref 4,Chinese,stool1
T2D-040,T2D-2A,T2D-040,C,Ref 4,Chinese,stool1
T2D-041,T2D-45A,T2D-041,C,Ref 4,Chinese,stool1
T2D-042,T2D-54A,T2D-042,C,Ref 4,Chinese,stool1
T2D-043,T2D-6A,T2D-043,C,Ref 4,Chinese,stool1
T2D-044,T2D-73A,T2D-044,C,Ref 4,Chinese,stool1
T2D-045,T2D-8A,T2D-045,C,Ref 4,Chinese,stool1
T2D-046,N028A,T2D-046,C,Ref 4,Chinese,stool1
T2D-047,T2D-103A,T2D-047,C,Ref 4,Chinese,stool1
T2D-048,T2D-105A,T2D-048,C,Ref 4,Chinese,stool1
T2D-049,T2D-106A,T2D-049,C,Ref 4,Chinese,stool1
T2D-050,T2D-109A,T2D-050,C,Ref 4,Chinese,stool1
T2D-051,T2D-113A,T2D-051,C,Ref 4,Chinese,stool1
T2D-052,T2D-122A,T2D-052,C,Ref 4,Chinese,stool1
T2D-053,T2D-126A,T2D-053,C,Ref 4,Chinese,stool1
T2D-054,T2D-132A,T2D-054,C,Ref 4,Chinese,stool1
T2D-055,T2D-139A,T2D-055,C,Ref 4,Chinese,stool1
T2D-056,T2D-140A,T2D-056,C,Ref 4,Chinese,stool1
T2D-057,T2D-148A,T2D-057,C,Ref 4,Chinese,stool1
T2D-058,T2D-14A,T2D-058,C,Ref 4,Chinese,stool1
T2D-059,T2D-154A,T2D-059,C,Ref 4,Chinese,stool1
T2D-060,T2D-176A,T2D-060,C,Ref 4,Chinese,stool1
T2D-062,T2D-26A,T2D-062,C,Ref 4,Chinese,stool1
T2D-063,T2D-29A,T2D-063,C,Ref 4,Chinese,stool1
T2D-064,T2D-33A,T2D-064,C,Ref 4,Chinese,stool1
T2D-065,T2D-48A,T2D-065,C,Ref 4,Chinese,stool1
T2D-066,T2D-51A,T2D-066,C,Ref 4,Chinese,stool1
T2D-067,T2D-63A,T2D-067,C,Ref 4,Chinese,stool1
T2D-068,T2D-78A,T2D-068,C,Ref 4,Chinese,stool1
T2D-069,T2D-87A,T2D-069,C,Ref 4,Chinese,stool1
T2D-070,T2D-91A,T2D-070,C,Ref 4,Chinese,stool1
T2D-071,ED50A,T2D-071,C,Ref 4,Chinese,stool1
T2D-072,T2D-110A,T2D-072,C,Ref 4,Chinese,stool1
T2D-073,T2D-112A,T2D-073,C,Ref 4,Chinese,stool1
T2D-074,T2D-118A,T2D-074,C,Ref 4,Chinese,stool1
T2D-075,T2D-11A,T2D-075,C,Ref 4,Chinese,stool1
T2D-076,T2D-120A,T2D-076,C,Ref 4,Chinese,stool1
T2D-077,T2D-123A,T2D-077,C,Ref 4,Chinese,stool1
T2D-078,T2D-12A,T2D-078,C,Ref 4,Chinese,stool1
T2D-079,T2D-133A,T2D-079,C,Ref 4,Chinese,stool1
T2D-080,T2D-134A,T2D-080,C,Ref 4,Chinese,stool1
T2D-081,T2D-13A,T2D-081,C,Ref 4,Chinese,stool1
T2D-082,T2D-142A,T2D-082,C,Ref 4,Chinese,stool1
T2D-083,T2D-144A,T2D-083,C,Ref 4,Chinese,stool1
T2D-084,T2D-150A,T2D-084,C,Ref 4,Chinese,stool1
T2D-085,T2D-15A,T2D-085,C,Ref 4,Chinese,stool1
T2D-086,T2D-163A,T2D-086,C,Ref 4,Chinese,stool1
T2D-087,T2D-177A,T2D-087,C,Ref 4,Chinese,stool1
T2D-088,T2D-17A,T2D-088,C,Ref 4,Chinese,stool1
T2D-089,T2D-19A,T2D-089,C,Ref 4,Chinese,stool1
T2D-090,T2D-22A,T2D-090,C,Ref 4,Chinese,stool1
T2D-091,T2D-25A,T2D-091,C,Ref 4,Chinese,stool1
T2D-092,T2D-31A,T2D-092,C,Ref 4,Chinese,stool1
T2D-093,T2D-34A,T2D-093,C,Ref 4,Chinese,stool1
T2D-094,T2D-41A,T2D-094,C,Ref 4,Chinese,stool1
T2D-095,T2D-46A,T2D-095,C,Ref 4,Chinese,stool1
T2D-096,T2D-47A,T2D-096,C,Ref 4,Chinese,stool1
T2D-097,T2D-49A,T2D-097,C,Ref 4,Chinese,stool1
T2D-098,T2D-52A,T2D-098,C,Ref 4,Chinese,stool1
T2D-099,T2D-57A,T2D-099,C,Ref 4,Chinese,stool1
T2D-100,T2D-59A,T2D-100,C,Ref 4,Chinese,stool1
T2D-101,T2D-61A,T2D-101,C,Ref 4,Chinese,stool1
T2D-102,T2D-62A,T2D-102,C,Ref 4,Chinese,stool1
T2D-103,T2D-66A,T2D-103,C,Ref 4,Chinese,stool1
T2D-104,T2D-68A,T2D-104,C,Ref 4,Chinese,stool1
T2D-105,T2D-70A,T2D-105,C,Ref 4,Chinese,stool1
T2D-106,T2D-76A,T2D-106,C,Ref 4,Chinese,stool1
T2D-107,T2D-81A,T2D-107,C,Ref 4,Chinese,stool1
T2D-108,T2D-9A,T2D-108,C,Ref 4,Chinese,stool1
158256496-stool1,158256496-stool1,158256496,A,Ref 3,American,stool1
158337416-stool1,158337416-stool1,158337416,A,Ref 3,American,stool1
158337416-stool2,158337416-stool2,158337416,A,Ref 3,American,stool2
158458797-stool1,158458797-stool1,158458797,A,Ref 3,American,stool1
158479027-stool1,158479027-stool1,158479027,A,Ref 3,American,stool1
158499257-stool1,158499257-stool1,158499257,A,Ref 3,American,stool1
158499257-stool2,158499257-stool2,158499257,A,Ref 3,American,stool2
158742018-stool1,158742018-stool1,158742018,A,Ref 3,American,stool1
158802708-stool1,158802708-stool1,158802708,A,Ref 3,American,stool1
158802708-stool2,158802708-stool2,158802708,A,Ref 3,American,stool2
158883629-stool1,158883629-stool1,158883629,A,Ref 3,American,stool1
158924089-stool1,158924089-stool1,158924089,A,Ref 3,American,stool1
158944319-stool1,158944319-stool1,158944319,A,Ref 3,American,stool1
158944319-stool2,158944319-stool2,158944319,A,Ref 3,American,stool2
159005010-stool1,159005010-stool1,159005010,A,Ref 3,American,stool1
159146620-stool1,159146620-stool1,159146620,A,Ref 3,American,stool1
159166850-stool1,159166850-stool1,159166850,A,Ref 3,American,stool1
159207311-stool1,159207311-stool1,159207311,A,Ref 3,American,stool1
159207311-stool2,159207311-stool2,159207311,A,Ref 3,American,stool2
159227541-stool1,159227541-stool1,159227541,A,Ref 3,American,stool1
159227541-stool2,159227541-stool2,159227541,A,Ref 3,American,stool2
159227541-stool3,159227541-stool3,159227541,A,Ref 3,American,stool3
159247771-stool1,159247771-stool1,159247771,A,Ref 3,American,stool1
159247771-stool2,159247771-stool2,159247771,A,Ref 3,American,stool2
159268001-stool1,159268001-stool1,159268001,A,Ref 3,American,stool1
159268001-stool2,159268001-stool2,159268001,A,Ref 3,American,stool2
159369152-stool1,159369152-stool1,159369152,A,Ref 3,American,stool1
159369152-stool2,159369152-stool2,159369152,A,Ref 3,American,stool2
159490532-stool1,159490532-stool1,159490532,A,Ref 3,American,stool1
159490532-stool2,159490532-stool2,159490532,A,Ref 3,American,stool2
159510762-stool1,159510762-stool1,159510762,A,Ref 3,American,stool1
159510762-stool2,159510762-stool2,159510762,A,Ref 3,American,stool2
159551223-stool1,159551223-stool1,159551223,A,Ref 3,American,stool1
159551223-stool2,159551223-stool2,159551223,A,Ref 3,American,stool2
159571453-stool1,159571453-stool1,159571453,A,Ref 3,American,stool1
159571453-stool2,159571453-stool2,159571453,A,Ref 3,American,stool2
159591683-stool1,159591683-stool1,159591683,A,Ref 3,American,stool1
159591683-stool2,159591683-stool2,159591683,A,Ref 3,American,stool2
159611913-stool1,159611913-stool1,159611913,A,Ref 3,American,stool1
159611913-stool2,159611913-stool2,159611913,A,Ref 3,American,stool2
159632143-stool1,159632143-stool1,159632143,A,Ref 3,American,stool1
159713063-stool1,159713063-stool1,159713063,A,Ref 3,American,stool1
159733294-stool1,159733294-stool1,159733294,A,Ref 3,American,stool1
159753524-stool1,159753524-stool1,159753524,A,Ref 3,American,stool1
159753524-stool2,159753524-stool2,159753524,A,Ref 3,American,stool2
159814214-stool1,159814214-stool1,159814214,A,Ref 3,American,stool1
159814214-stool2,159814214-stool2,159814214,A,Ref 3,American,stool2
159915365-stool1,159915365-stool1,159915365,A,Ref 3,American,stool1
160158126-stool1,160158126-stool1,160158126,A,Ref 3,American,stool1
160158126-stool2,160158126-stool2,160158126,A,Ref 3,American,stool2
160178356-stool1,160178356-stool1,160178356,A,Ref 3,American,stool1
160218816-stool1,160218816-stool1,160218816,A,Ref 3,American,stool1
160319967-stool1,160319967-stool1,160319967,A,Ref 3,American,stool1
160400887-stool1,160400887-stool1,160400887,A,Ref 3,American,stool1
160421117-stool1,160421117-stool1,160421117,A,Ref 3,American,stool1
160502038-stool1,160502038-stool1,160502038,A,Ref 3,American,stool1
160582958-stool1,160582958-stool1,160582958,A,Ref 3,American,stool1
160603188-stool1,160603188-stool1,160603188,A,Ref 3,American,stool1
160643649-stool1,160643649-stool1,160643649,A,Ref 3,American,stool1
160704339-stool1,160704339-stool1,160704339,A,Ref 3,American,stool1
160765029-stool1,160765029-stool1,160765029,A,Ref 3,American,stool1
246515023-stool1,246515023-stool1,246515023,A,Ref 3,American,stool1
246515023-stool2,246515023-stool2,246515023,A,Ref 3,American,stool2
338793263-stool1,338793263-stool1,338793263,A,Ref 3,American,stool1
404239096-stool1,404239096-stool1,404239096,A,Ref 3,American,stool1
508703490-stool1,508703490-stool1,508703490,A,Ref 3,American,stool1
550534656-stool1,550534656-stool1,550534656,A,Ref 3,American,stool1
604812005-stool1,604812005-stool1,604812005,A,Ref 3,American,stool1
604812005-stool2,604812005-stool2,604812005,A,Ref 3,American,stool2
638754422-stool1,638754422-stool1,638754422,A,Ref 3,American,stool1
638754422-stool2,638754422-stool2,638754422,A,Ref 3,American,stool2
675950834-stool1,675950834-stool1,675950834,A,Ref 3,American,stool1
686765762-stool1,686765762-stool1,686765762,A,Ref 3,American,stool1
686765762-stool2,686765762-stool2,686765762,A,Ref 3,American,stool2
706846339-stool1,706846339-stool1,706846339,A,Ref 3,American,stool1
737052003-stool1,737052003-stool1,737052003,A,Ref 3,American,stool1
763435843-stool1,763435843-stool1,763435843,A,Ref 3,American,stool1
763496533-stool1,763496533-stool1,763496533,A,Ref 3,American,stool1
763496533-stool2,763496533-stool2,763496533,A,Ref 3,American,stool2
763536994-stool1,763536994-stool1,763536994,A,Ref 3,American,stool1
763536994-stool2,763536994-stool2,763536994,A,Ref 3,American,stool2
763536994-stool3,763536994-stool3,763536994,A,Ref 3,American,stool3
763577454-stool1,763577454-stool1,763577454,A,Ref 3,American,stool1
763577454-stool2,763577454-stool2,763577454,A,Ref 3,American,stool2
763597684-stool1,763597684-stool1,763597684,A,Ref 3,American,stool1
763678604-stool1,763678604-stool1,763678604,A,Ref 3,American,stool1
763678604-stool2,763678604-stool2,763678604,A,Ref 3,American,stool2
763759525-stool1,763759525-stool1,763759525,A,Ref 3,American,stool1
763759525-stool2,763759525-stool2,763759525,A,Ref 3,American,stool2
763820215-stool1,763820215-stool1,763820215,A,Ref 3,American,stool1
763820215-stool2,763820215-stool2,763820215,A,Ref 3,American,stool2
763840445-stool1,763840445-stool1,763840445,A,Ref 3,American,stool1
763840445-stool2,763840445-stool2,763840445,A,Ref 3,American,stool2
763860675-stool1,763860675-stool1,763860675,A,Ref 3,American,stool1
763860675-stool2,763860675-stool2,763860675,A,Ref 3,American,stool2
763901136-stool1,763901136-stool1,763901136,A,Ref 3,American,stool1
763901136-stool2,763901136-stool2,763901136,A,Ref 3,American,stool2
763961826-stool1,763961826-stool1,763961826,A,Ref 3,American,stool1
763961826-stool2,763961826-stool2,763961826,A,Ref 3,American,stool2
763982056-stool1,763982056-stool1,763982056,A,Ref 3,American,stool1
763982056-stool2,763982056-stool2,763982056,A,Ref 3,American,stool2
764002286-stool1,764002286-stool1,764002286,A,Ref 3,American,stool1
764042746-stool1,764042746-stool1,764042746,A,Ref 3,American,stool1
764042746-stool2,764042746-stool2,764042746,A,Ref 3,American,stool2
764062976-stool1,764062976-stool1,764062976,A,Ref 3,American,stool1
764062976-stool2,764062976-stool2,764062976,A,Ref 3,American,stool2
764143897-stool1,764143897-stool1,764143897,A,Ref 3,American,stool1
764143897-stool2,764143897-stool2,764143897,A,Ref 3,American,stool2
764184357-stool1,764184357-stool1,764184357,A,Ref 3,American,stool1
764224817-stool1,764224817-stool1,764224817,A,Ref 3,American,stool1
764224817-stool2,764224817-stool2,764224817,A,Ref 3,American,stool2
764285508-stool1,764285508-stool1,764285508,A,Ref 3,American,stool1
764325968-stool1,764325968-stool1,764325968,A,Ref 3,American,stool1
764325968-stool2,764325968-stool2,764325968,A,Ref 3,American,stool2
764447348-stool1,764447348-stool1,764447348,A,Ref 3,American,stool1
764447348-stool2,764447348-stool2,764447348,A,Ref 3,American,stool2
764487809-stool1,764487809-stool1,764487809,A,Ref 3,American,stool1
764487809-stool2,764487809-stool2,764487809,A,Ref 3,American,stool2
764508039-stool1,764508039-stool1,764508039,A,Ref 3,American,stool1
764588959-stool1,764588959-stool1,764588959,A,Ref 3,American,stool1
764649650-stool1,764649650-stool1,764649650,A,Ref 3,American,stool1
764669880-stool1,764669880-stool1,764669880,A,Ref 3,American,stool1
764669880-stool2,764669880-stool2,764669880,A,Ref 3,American,stool2
764811490-stool1,764811490-stool1,764811490,A,Ref 3,American,stool1
764892411-stool1,764892411-stool1,764892411,A,Ref 3,American,stool1
765013792-stool1,765013792-stool1,765013792,A,Ref 3,American,stool1
765034022-stool1,765034022-stool1,765034022,A,Ref 3,American,stool1
765074482-stool1,765074482-stool1,765074482,A,Ref 3,American,stool1
765074482-stool2,765074482-stool2,765074482,A,Ref 3,American,stool2
765094712-stool1,765094712-stool1,765094712,A,Ref 3,American,stool1
765094712-stool2,765094712-stool2,765094712,A,Ref 3,American,stool2
765135172-stool1,765135172-stool1,765135172,A,Ref 3,American,stool1
765560005-stool1,765560005-stool1,765560005,A,Ref 3,American,stool1
765620695-stool1,765620695-stool1,765620695,A,Ref 3,American,stool1
765640925-stool1,765640925-stool1,765640925,A,Ref 3,American,stool1
765701615-stool1,765701615-stool1,765701615,A,Ref 3,American,stool1
809635352-stool1,809635352-stool1,809635352,A,Ref 3,American,stool1
823052294-stool1,823052294-stool1,823052294,A,Ref 3,American,stool1
861967750-stool1,861967750-stool1,861967750,A,Ref 3,American,stool1
